<SysapiExportedData>
	<SystemExperts>
		<ExpertInfo productID='{05E5B418-0D25-46AF-B95A-1AF0AB2A944A}' productDisplayName='NI-DAQmx' productVersion='21.3' programmaticName='daqmx' />
		<ExpertInfo productID='{572F0786-9EEC-11D8-95F0-000795B9843F}' productDisplayName='NI-488.2' productVersion='21.5' programmaticName='ni-488.2' />
		<ExpertInfo productID='{7B913AC1-977C-404B-9313-1778C1DCA6BA}' productDisplayName='NI-1588 2008' productVersion='21.3' programmaticName='ni-1588' />
		<ExpertInfo productID='{57E08BAA-E6F6-4546-A2F3-5193FEF2E1E9}' productDisplayName='NI-CONTROLLER' productVersion='22.5' programmaticName='ni-controller' />
		<ExpertInfo productID='{C7110F75-8354-442E-8EE8-24556DC68714}' productDisplayName='NI-HSAI' productVersion='21.0.0' programmaticName='ni-hsai' />
		<ExpertInfo productID='{2AB917E5-7A6D-4F53-A31F-048F22A05608}' productDisplayName='NI IMAQ Sysapi Expert' productVersion='21.0' programmaticName='niimaq' />
		<ExpertInfo productID='{4FA27960-F165-4292-A03E-6D88D34563C9}' productDisplayName='NI IMAQdx Sysapi Expert' productVersion='21.0' programmaticName='niimaqdx' />
		<ExpertInfo productID='{CCE3BBB2-9361-4435-A3B6-46F5BA6A570A}' productDisplayName='NI-MXI' productVersion='22.5' programmaticName='ni-mxi' />
		<ExpertInfo productID='{0BE8EF24-2B06-40ED-8087-1A695CC0684D}' productDisplayName='NI-PAL' productVersion='22.5' programmaticName='ni-pal' />
		<ExpertInfo productID='{A6121C52-7CCB-432C-A42F-E67276699731}' productDisplayName='NI PXI Platform Services' productVersion='22.5' programmaticName='ni-pxi' />
		<ExpertInfo productID='{A2B7328D-60B9-4324-B3B7-1473C8A8E638}' productDisplayName='NI-QPXI' productVersion='22.5' programmaticName='ni-qpxi' />
		<ExpertInfo productID='{3108184C-C617-4482-ACB4-999073B671D6}' productDisplayName='NI-RIO' productVersion='22.5.0' programmaticName='ni-rio' />
		<ExpertInfo productID='{10932EDF-0F8A-4BB3-88F2-1636BB893EE6}' productDisplayName='NI-Serial' productVersion='21.5' programmaticName='serial' />
		<ExpertInfo productID='{9D2C98E1-6B5A-4550-9806-3C2667E5CC03}' productDisplayName='NI-SWITCH CA4' productVersion='21.3' programmaticName='ni-switch' />
		<ExpertInfo productID='{298C0BAD-4343-4886-9B3C-1B5816ED9EDE}' productDisplayName='NI-VISA' productVersion='21.5' programmaticName='ni-visa' />
		<ExpertInfo productID='{0D8C6419-CD77-43AA-BA73-A738A40D58D0}' productDisplayName='NI-XNET' productVersion='21.5.0f188' programmaticName='xnet' />
		<ExpertInfo productID='{9D468B79-D674-41A0-8A22-0D0C89FFEFB7}' productDisplayName='NI-DCPower' productVersion='21.5' programmaticName='nidcpower416x' />
		<ExpertInfo productID='{07216F0B-AEB7-4979-84FE-90CE84A6855E}' productDisplayName='NI-DCPower' productVersion='21.5' programmaticName='nidcpowerscx' />
		<ExpertInfo productID='{1A95C540-5D92-4EDB-9CDA-6EE10811703C}' productDisplayName='NI Device Interconnect Manager' productVersion='22.5.0' programmaticName='nidim' />
		<ExpertInfo productID='{053A2336-3C46-4D50-A8DB-F3DCF9308A66}' productDisplayName='NI Network Browser' productVersion='22.5' programmaticName='network' />
		<ExpertInfo productID='{D2D7D6E0-BB4F-495A-B733-D8CEB0781D1B}' productDisplayName='NI-DMM 408X' productVersion='21.3' programmaticName='nidmm408x' />
		<ExpertInfo productID='{D24FAD6D-366F-4E43-84F7-0CC0890BB8C5}' productDisplayName='NI-DMM SFP Debug' productVersion='21.3' programmaticName='nidmmscx' />
		<ExpertInfo productID='{CB8016E6-8AB5-4EB7-813A-EE06AC211BC7}' productDisplayName='NI-FGEN 5413/5423/5433' productVersion='21.3' programmaticName='nifgen5433' />
		<ExpertInfo productID='{810D8CE9-F77F-4802-A3D9-D7A3C4B4ED9E}' productDisplayName='NI-FGEN SFP Debug' productVersion='21.3' programmaticName='nifgenscx' />
		<ExpertInfo productID='{A56C20F2-D904-4566-91F1-FDB27E0FF8C2}' productDisplayName='NIFLEXRIO' productVersion='21.5.0' programmaticName='niflexrio' />
		<ExpertInfo productID='{22297693-3822-462B-A1AD-40AD0BCBC331}' productDisplayName='niflexrio2' productVersion='21.5.0' programmaticName='niflexrio2' />
		<ExpertInfo productID='{3ED252C4-DA4D-48C8-ADE3-EE2AC7CBB24E}' productDisplayName='NI MX Routing Utility' productVersion='22.5.0' programmaticName='nimru' />
		<ExpertInfo productID='{2AD5F61B-DC23-4A85-A5F2-7619C61A0E9E}' productDisplayName='NI 5110 Digitizer' productVersion='21.0' programmaticName='niscope5110' />
		<ExpertInfo productID='{F06433F5-6196-4D54-83F6-E8AA24BDDB4A}' productDisplayName='NI 5164 Digitizer' productVersion='21.0' programmaticName='niscope5164' />
		<ExpertInfo productID='{505AA1E0-16E8-42EF-9E10-2C4232028B5C}' productDisplayName='NI 5170 Digitizer' productVersion='21.0' programmaticName='niscope5170' />
		<ExpertInfo productID='{9590178C-5CD8-4A66-A2FB-93C2B9731542}' productDisplayName='NI-Scope SFP Debug' productVersion='21.0' programmaticName='niscopescx' />
		<ExpertInfo productID='{722D1D51-1C1D-42FE-AEEF-5CF6C711FFA7}' productDisplayName='NI System Configuration' productVersion='22.5' programmaticName='nisyscfg' />
		<ExpertInfo productID='{790AE12F-74A0-4229-9488-C71CB19229AE}' productDisplayName='NI USBLAN' productVersion='22.5' programmaticName='niusblan' />
		<ExpertInfo productID='{9690F854-A90E-4382-AAF4-D59CB3682F4E}' productDisplayName='NI-RTSI' productVersion='21.3' programmaticName='rtsi' />
	</SystemExperts>
	<CombinedItems>
		<PropertyBag><Property tag='1000000' type='6'>//localhost/daqmx/{0A24A085-0C5E-11EE-807C-D0BCBFB2E963}</Property><Property tag='1001000' type='1'>1</Property><Property tag='1002000' type='3'>2</Property><Property tag='1003000' type='3'>14627</Property><Property tag='1004000' type='6'>National Instruments</Property><Property tag='1005000' type='3'>30521</Property><Property tag='1006000' type='6'>NI cDAQ-9132</Property><Property tag='1007000' type='6' /><Property tag='1008000' type='1'>1</Property><Property tag='1009000' type='1'>1</Property><Property tag='100C000' type='2'>4</Property><Property tag='100D000' type='3'>0</Property><Property tag='1010000' type='1'>0</Property><Property tag='1014000' type='1'>0</Property><Property tag='101B000' type='3'>0</Property><Property tag='101C000' type='2'>1</Property><Property tag='101D000' type='6'>{0A24A085-0C5E-11EE-807C-D0BCBFB2E963}</Property><Property tag='101E000' type='6'>daqmx</Property><Property tag='101F000' type='6'>cDAQ1</Property><Property tag='1020000' type='1'>0</Property><Property tag='1022000' type='5'>{0A24A085-0C5E-11EE-807C-D0BCBFB2E963}</Property><Property tag='1024000' type='2'>1</Property><Property tag='1026000' type='3'>9</Property><Property tag='1027000' type='6'>{0A24A085-0C5E-11EE-807C-D0BCBFB2E963}</Property><Property tag='1028000' type='1'>1</Property><Property tag='102A000' type='2'>200</Property><Property tag='1037000' type='3'>1376256</Property><Property tag='1038000' type='1'>0</Property><Property tag='103B000' type='2'>1</Property><Property tag='104A000' type='1'>0</Property><Property tag='1054000' type='1'>1</Property><Property tag='106B000' type='1'>0</Property><Property tag='1072000' type='1'>1</Property><Property tag='1075000' type='6' /><Property tag='1085000' type='3'>1</Property><Property tag='1086000' type='3'>1</Property><Property tag='10A1000' type='3'>9132</Property><Property tag='2001000' type='5'>{A2C06FAB-4997-3F99-4643-FB2FFB43AE18}</Property><Property tag='2006000' type='1'>0</Property><Property tag='2007000' type='1'>0</Property><Property tag='2008000' type='6'>cDAQ-9132</Property><Property tag='200C000' type='6' /><Property tag='200D000' type='3'>0</Property><Property tag='2017000' type='1'>0</Property><Property tag='201C000' type='1'>0</Property><Property tag='2020000' type='1'>0</Property><Property tag='2025000' type='2'>19</Property><Property tag='203C000' type='1'>0</Property><Property tag='1000B000' type='1'>0</Property><Property tag='1000C000' type='1'>0</Property></PropertyBag>
		<PropertyBag><Property tag='1000000' type='6'>//localhost/daqmx/{29A03699-0C5F-11EE-807C-D0BCBFB2E963}</Property><Property tag='1001000' type='1'>1</Property><Property tag='1002000' type='3'>9</Property><Property tag='1003000' type='3'>4243</Property><Property tag='1004000' type='6'>National Instruments</Property><Property tag='1005000' type='3'>30861</Property><Property tag='1006000' type='6'>NI 9202</Property><Property tag='1007000' type='6' /><Property tag='1008000' type='1'>1</Property><Property tag='1009000' type='1'>1</Property><Property tag='100A000' type='6'>{0A24A085-0C5E-11EE-807C-D0BCBFB2E963}</Property><Property tag='100B000' type='2'>2</Property><Property tag='100D000' type='3'>0</Property><Property tag='1010000' type='1'>0</Property><Property tag='1014000' type='1'>1</Property><Property tag='1015000' type='7'>0 0 0 0</Property><Property tag='1017000' type='7'>0 0 0 0</Property><Property tag='101C000' type='2'>1</Property><Property tag='101D000' type='6'>{29A03699-0C5F-11EE-807C-D0BCBFB2E963}</Property><Property tag='101E000' type='6'>daqmx</Property><Property tag='101F000' type='6'>cDAQ1Mod2</Property><Property tag='1020000' type='1'>1</Property><Property tag='1022000' type='5'>{29A03699-0C5F-11EE-807C-D0BCBFB2E963}</Property><Property tag='1024000' type='2'>1</Property><Property tag='1028000' type='1'>0</Property><Property tag='102A000' type='2'>200</Property><Property tag='102E000' type='4'>0.000000</Property><Property tag='1037000' type='3'>1376256</Property><Property tag='1038000' type='1'>0</Property><Property tag='104A000' type='1'>0</Property><Property tag='1054000' type='1'>1</Property><Property tag='1064000' type='2'>1</Property><Property tag='1065000' type='6'>TempSensor1</Property><Property tag='1066000' type='4'>nan</Property><Property tag='1067000' type='4'>nan</Property><Property tag='1069000' type='2'>-1</Property><Property tag='106B000' type='1'>0</Property><Property tag='1072000' type='1'>1</Property><Property tag='1075000' type='6' /><Property tag='1085000' type='3'>1</Property><Property tag='1086000' type='3'>1</Property><Property tag='1089000' type='2'>-1</Property><Property tag='10A0000' type='6' /><Property tag='10A1000' type='3'>9202</Property><Property tag='2001000' type='5'>{8AA69746-857E-3ECD-D4CA-D0B53E507ADA}</Property><Property tag='2006000' type='1'>1</Property><Property tag='2007000' type='1'>1</Property><Property tag='2008000' type='6'>NI 9202</Property><Property tag='200C000' type='6' /><Property tag='200D000' type='3'>0</Property><Property tag='2017000' type='1'>0</Property><Property tag='201C000' type='1'>0</Property><Property tag='2020000' type='1'>0</Property><Property tag='2025000' type='2'>20</Property><Property tag='203C000' type='1'>0</Property><Property tag='2045000' type='3'>30860</Property><Property tag='1000B000' type='1'>0</Property><Property tag='1000C000' type='1'>0</Property></PropertyBag>
		<PropertyBag><Property tag='1000000' type='6'>//localhost/daqmx/{2A8741B4-0C5F-11EE-807C-D0BCBFB2E963}</Property><Property tag='1001000' type='1'>1</Property><Property tag='1002000' type='3'>9</Property><Property tag='1003000' type='3'>4243</Property><Property tag='1004000' type='6'>National Instruments</Property><Property tag='1005000' type='3'>29285</Property><Property tag='1006000' type='6'>NI 9205</Property><Property tag='1007000' type='6' /><Property tag='1008000' type='1'>1</Property><Property tag='1009000' type='1'>1</Property><Property tag='100A000' type='6'>{0A24A085-0C5E-11EE-807C-D0BCBFB2E963}</Property><Property tag='100B000' type='2'>4</Property><Property tag='100D000' type='3'>0</Property><Property tag='1010000' type='1'>1</Property><Property tag='1014000' type='1'>1</Property><Property tag='1015000' type='7'>0 0 0 0</Property><Property tag='1017000' type='7'>0 0 0 0</Property><Property tag='101C000' type='2'>1</Property><Property tag='101D000' type='6'>{2A8741B4-0C5F-11EE-807C-D0BCBFB2E963}</Property><Property tag='101E000' type='6'>daqmx</Property><Property tag='101F000' type='6'>cDAQ1Mod4</Property><Property tag='1020000' type='1'>1</Property><Property tag='1022000' type='5'>{2A8741B4-0C5F-11EE-807C-D0BCBFB2E963}</Property><Property tag='1024000' type='2'>1</Property><Property tag='1028000' type='1'>0</Property><Property tag='102A000' type='2'>200</Property><Property tag='102E000' type='4'>0.000000</Property><Property tag='1037000' type='3'>1376256</Property><Property tag='1038000' type='1'>0</Property><Property tag='104A000' type='1'>0</Property><Property tag='1054000' type='1'>1</Property><Property tag='1064000' type='2'>1</Property><Property tag='1065000' type='6'>TempSensor1</Property><Property tag='1066000' type='4'>nan</Property><Property tag='1067000' type='4'>nan</Property><Property tag='1069000' type='2'>-1</Property><Property tag='106B000' type='1'>0</Property><Property tag='1072000' type='1'>1</Property><Property tag='1075000' type='6' /><Property tag='1085000' type='3'>1</Property><Property tag='1086000' type='3'>1</Property><Property tag='1089000' type='2'>-1</Property><Property tag='10A0000' type='6' /><Property tag='10A1000' type='3'>9205</Property><Property tag='2001000' type='5'>{C42C8F38-B00D-3944-EFEE-EEB2CC64ED02}</Property><Property tag='2006000' type='1'>1</Property><Property tag='2007000' type='1'>1</Property><Property tag='2008000' type='6'>NI 9205</Property><Property tag='200C000' type='6' /><Property tag='200D000' type='3'>0</Property><Property tag='2017000' type='1'>0</Property><Property tag='201C000' type='1'>0</Property><Property tag='2020000' type='1'>0</Property><Property tag='2025000' type='2'>20</Property><Property tag='203C000' type='1'>0</Property><Property tag='2045000' type='3'>29162</Property><Property tag='1000B000' type='1'>0</Property><Property tag='1000C000' type='1'>0</Property></PropertyBag>
		<PropertyBag><Property tag='1000000' type='6'>//localhost/daqmx/{2B57CF1D-0C5F-11EE-807C-D0BCBFB2E963}</Property><Property tag='1001000' type='1'>1</Property><Property tag='1002000' type='3'>9</Property><Property tag='1003000' type='3'>4243</Property><Property tag='1004000' type='6'>National Instruments</Property><Property tag='1005000' type='3'>29384</Property><Property tag='1006000' type='6'>NI 9203</Property><Property tag='1007000' type='6' /><Property tag='1008000' type='1'>1</Property><Property tag='1009000' type='1'>1</Property><Property tag='100A000' type='6'>{0A24A085-0C5E-11EE-807C-D0BCBFB2E963}</Property><Property tag='100B000' type='2'>3</Property><Property tag='100D000' type='3'>0</Property><Property tag='1010000' type='1'>0</Property><Property tag='1014000' type='1'>1</Property><Property tag='1015000' type='7'>0 0 0 0</Property><Property tag='1017000' type='7'>0 0 0 0</Property><Property tag='101C000' type='2'>1</Property><Property tag='101D000' type='6'>{2B57CF1D-0C5F-11EE-807C-D0BCBFB2E963}</Property><Property tag='101E000' type='6'>daqmx</Property><Property tag='101F000' type='6'>cDAQ1Mod3</Property><Property tag='1020000' type='1'>1</Property><Property tag='1022000' type='5'>{2B57CF1D-0C5F-11EE-807C-D0BCBFB2E963}</Property><Property tag='1024000' type='2'>1</Property><Property tag='1028000' type='1'>0</Property><Property tag='102A000' type='2'>200</Property><Property tag='102E000' type='4'>0.000000</Property><Property tag='1037000' type='3'>1376256</Property><Property tag='1038000' type='1'>0</Property><Property tag='104A000' type='1'>0</Property><Property tag='1054000' type='1'>1</Property><Property tag='1064000' type='2'>1</Property><Property tag='1065000' type='6'>TempSensor1</Property><Property tag='1066000' type='4'>nan</Property><Property tag='1067000' type='4'>nan</Property><Property tag='1069000' type='2'>-1</Property><Property tag='106B000' type='1'>0</Property><Property tag='1072000' type='1'>1</Property><Property tag='1075000' type='6' /><Property tag='1085000' type='3'>1</Property><Property tag='1086000' type='3'>1</Property><Property tag='1089000' type='2'>-1</Property><Property tag='10A0000' type='6' /><Property tag='10A1000' type='3'>9203</Property><Property tag='2001000' type='5'>{92C92D31-D41D-3EA4-DD78-DB6457EFC7D4}</Property><Property tag='2006000' type='1'>1</Property><Property tag='2007000' type='1'>1</Property><Property tag='2008000' type='6'>NI 9203</Property><Property tag='200C000' type='6' /><Property tag='200D000' type='3'>0</Property><Property tag='2017000' type='1'>0</Property><Property tag='201C000' type='1'>0</Property><Property tag='2020000' type='1'>0</Property><Property tag='2025000' type='2'>20</Property><Property tag='203C000' type='1'>0</Property><Property tag='2045000' type='3'>28969</Property><Property tag='1000B000' type='1'>0</Property><Property tag='1000C000' type='1'>0</Property></PropertyBag>
		<PropertyBag><Property tag='1000000' type='6'>//localhost/daqmx/{2BDC97FD-1678-11EE-80B9-C828B1515463}</Property><Property tag='1001000' type='1'>1</Property><Property tag='1002000' type='3'>2</Property><Property tag='1003000' type='3'>14627</Property><Property tag='1004000' type='6'>National Instruments</Property><Property tag='1005000' type='3'>30832</Property><Property tag='1006000' type='6'>NI Simulated DAQ Device</Property><Property tag='1007000' type='6' /><Property tag='1008000' type='1'>1</Property><Property tag='1009000' type='1'>1</Property><Property tag='100D000' type='3'>0</Property><Property tag='1010000' type='1'>1</Property><Property tag='1014000' type='1'>1</Property><Property tag='1015000' type='7'>0 0 0 0</Property><Property tag='1017000' type='7'>0 0 0 0</Property><Property tag='101B000' type='3'>0</Property><Property tag='101C000' type='2'>1</Property><Property tag='101D000' type='6'>{2BDC97FD-1678-11EE-80B9-C828B1515463}</Property><Property tag='101E000' type='6'>daqmx</Property><Property tag='101F000' type='6'>SimDev2</Property><Property tag='1020000' type='1'>1</Property><Property tag='1022000' type='5'>{2BDC97FD-1678-11EE-80B9-C828B1515463}</Property><Property tag='1024000' type='2'>1</Property><Property tag='1028000' type='1'>0</Property><Property tag='102A000' type='2'>200</Property><Property tag='102E000' type='4'>0.000000</Property><Property tag='1037000' type='3'>1376256</Property><Property tag='1038000' type='1'>0</Property><Property tag='104A000' type='1'>0</Property><Property tag='1054000' type='1'>1</Property><Property tag='1064000' type='2'>1</Property><Property tag='1065000' type='6'>TempSensor1</Property><Property tag='1066000' type='4'>nan</Property><Property tag='1067000' type='4'>nan</Property><Property tag='1069000' type='2'>-1</Property><Property tag='106B000' type='1'>0</Property><Property tag='1072000' type='1'>1</Property><Property tag='1075000' type='6' /><Property tag='1085000' type='3'>1</Property><Property tag='1086000' type='3'>1</Property><Property tag='1089000' type='2'>-1</Property><Property tag='10A0000' type='6' /><Property tag='2001000' type='5'>{F07C0CEE-C2C7-3F71-371F-86D92DFCD066}</Property><Property tag='2006000' type='1'>1</Property><Property tag='2007000' type='1'>0</Property><Property tag='2008000' type='6'>NI Simulated DAQ Device</Property><Property tag='200C000' type='6' /><Property tag='200D000' type='3'>0</Property><Property tag='2017000' type='1'>1</Property><Property tag='201C000' type='1'>0</Property><Property tag='2020000' type='1'>0</Property><Property tag='2025000' type='2'>25</Property><Property tag='203C000' type='1'>0</Property><Property tag='10001000' type='1'>1</Property><Property tag='10002000' type='3'>1</Property><Property tag='10003000' type='1'>0</Property><Property tag='1000B000' type='1'>0</Property><Property tag='1000C000' type='1'>0</Property></PropertyBag>
		<PropertyBag><Property tag='1000000' type='6'>//localhost/daqmx/{5438C7C5-0C62-11EE-8035-97635A774CC1}</Property><Property tag='1001000' type='1'>1</Property><Property tag='1002000' type='3'>2</Property><Property tag='1003000' type='3'>14627</Property><Property tag='1004000' type='6'>National Instruments</Property><Property tag='1005000' type='3'>30383</Property><Property tag='1006000' type='6'>NI USB-6000</Property><Property tag='1007000' type='6' /><Property tag='1008000' type='1'>1</Property><Property tag='1009000' type='1'>1</Property><Property tag='100D000' type='3'>0</Property><Property tag='1010000' type='1'>0</Property><Property tag='1014000' type='1'>0</Property><Property tag='101B000' type='3'>0</Property><Property tag='101C000' type='2'>1</Property><Property tag='101D000' type='6'>{5438C7C5-0C62-11EE-8035-97635A774CC1}</Property><Property tag='101E000' type='6'>daqmx</Property><Property tag='101F000' type='6'>SimUsb6000</Property><Property tag='1020000' type='1'>0</Property><Property tag='1022000' type='5'>{5438C7C5-0C62-11EE-8035-97635A774CC1}</Property><Property tag='1024000' type='2'>1</Property><Property tag='1028000' type='1'>0</Property><Property tag='102A000' type='2'>200</Property><Property tag='1037000' type='3'>1376256</Property><Property tag='1038000' type='1'>0</Property><Property tag='104A000' type='1'>0</Property><Property tag='1054000' type='1'>1</Property><Property tag='106B000' type='1'>0</Property><Property tag='1072000' type='1'>1</Property><Property tag='1075000' type='6' /><Property tag='1085000' type='3'>1</Property><Property tag='1086000' type='3'>1</Property><Property tag='10A1000' type='3'>6000</Property><Property tag='2001000' type='5'>{7E14794B-FF07-3B51-6F8B-8849576C3A48}</Property><Property tag='2006000' type='1'>1</Property><Property tag='2007000' type='1'>1</Property><Property tag='2008000' type='6'>USB-6000</Property><Property tag='200C000' type='6' /><Property tag='200D000' type='3'>0</Property><Property tag='2017000' type='1'>0</Property><Property tag='201C000' type='1'>0</Property><Property tag='2020000' type='1'>0</Property><Property tag='2025000' type='2'>11</Property><Property tag='203C000' type='1'>0</Property><Property tag='1000B000' type='1'>0</Property><Property tag='1000C000' type='1'>0</Property></PropertyBag>
		<PropertyBag><Property tag='1000000' type='6'>//localhost/daqmx/{7318C7DE-0F8B-11EE-8067-A2E3A1BB1222}</Property><Property tag='1001000' type='1'>1</Property><Property tag='1002000' type='3'>2</Property><Property tag='1003000' type='3'>14627</Property><Property tag='1004000' type='6'>National Instruments</Property><Property tag='1005000' type='3'>30521</Property><Property tag='1006000' type='6'>NI cDAQ-9132</Property><Property tag='1007000' type='6' /><Property tag='1008000' type='1'>1</Property><Property tag='1009000' type='1'>1</Property><Property tag='100C000' type='2'>4</Property><Property tag='100D000' type='3'>0</Property><Property tag='1010000' type='1'>0</Property><Property tag='1014000' type='1'>0</Property><Property tag='101B000' type='3'>0</Property><Property tag='101C000' type='2'>1</Property><Property tag='101D000' type='6'>{7318C7DE-0F8B-11EE-8067-A2E3A1BB1222}</Property><Property tag='101E000' type='6'>daqmx</Property><Property tag='101F000' type='6'>cDAQ2</Property><Property tag='1020000' type='1'>0</Property><Property tag='1022000' type='5'>{7318C7DE-0F8B-11EE-8067-A2E3A1BB1222}</Property><Property tag='1024000' type='2'>1</Property><Property tag='1026000' type='3'>9</Property><Property tag='1027000' type='6'>{7318C7DE-0F8B-11EE-8067-A2E3A1BB1222}</Property><Property tag='1028000' type='1'>1</Property><Property tag='102A000' type='2'>200</Property><Property tag='1037000' type='3'>1376256</Property><Property tag='1038000' type='1'>0</Property><Property tag='103B000' type='2'>1</Property><Property tag='104A000' type='1'>0</Property><Property tag='1054000' type='1'>1</Property><Property tag='106B000' type='1'>0</Property><Property tag='1072000' type='1'>1</Property><Property tag='1075000' type='6' /><Property tag='1085000' type='3'>1</Property><Property tag='1086000' type='3'>1</Property><Property tag='10A1000' type='3'>9132</Property><Property tag='2001000' type='5'>{A2C06FAB-4997-3F99-4643-FB2FFB43AE18}</Property><Property tag='2006000' type='1'>0</Property><Property tag='2007000' type='1'>0</Property><Property tag='2008000' type='6'>cDAQ-9132</Property><Property tag='200C000' type='6' /><Property tag='200D000' type='3'>0</Property><Property tag='2017000' type='1'>0</Property><Property tag='201C000' type='1'>0</Property><Property tag='2020000' type='1'>0</Property><Property tag='2025000' type='2'>19</Property><Property tag='203C000' type='1'>0</Property><Property tag='1000B000' type='1'>0</Property><Property tag='1000C000' type='1'>0</Property></PropertyBag>
		<PropertyBag><Property tag='1000000' type='6'>//localhost/daqmx/{832C252E-0F8B-11EE-8067-A2E3A1BB1222}</Property><Property tag='1001000' type='1'>1</Property><Property tag='1002000' type='3'>9</Property><Property tag='1003000' type='3'>4243</Property><Property tag='1004000' type='6'>National Instruments</Property><Property tag='1005000' type='3'>29926</Property><Property tag='1006000' type='6'>NI 9269</Property><Property tag='1007000' type='6' /><Property tag='1008000' type='1'>1</Property><Property tag='1009000' type='1'>1</Property><Property tag='100A000' type='6'>{7318C7DE-0F8B-11EE-8067-A2E3A1BB1222}</Property><Property tag='100B000' type='2'>1</Property><Property tag='100D000' type='3'>0</Property><Property tag='1010000' type='1'>0</Property><Property tag='1014000' type='1'>1</Property><Property tag='1015000' type='7'>0 0 0 0</Property><Property tag='1017000' type='7'>0 0 0 0</Property><Property tag='101C000' type='2'>1</Property><Property tag='101D000' type='6'>{832C252E-0F8B-11EE-8067-A2E3A1BB1222}</Property><Property tag='101E000' type='6'>daqmx</Property><Property tag='101F000' type='6'>cDAQ2Mod1</Property><Property tag='1020000' type='1'>1</Property><Property tag='1022000' type='5'>{832C252E-0F8B-11EE-8067-A2E3A1BB1222}</Property><Property tag='1024000' type='2'>1</Property><Property tag='1028000' type='1'>0</Property><Property tag='102A000' type='2'>200</Property><Property tag='102E000' type='4'>0.000000</Property><Property tag='1037000' type='3'>1376256</Property><Property tag='1038000' type='1'>0</Property><Property tag='104A000' type='1'>0</Property><Property tag='1054000' type='1'>1</Property><Property tag='1064000' type='2'>1</Property><Property tag='1065000' type='6'>TempSensor1</Property><Property tag='1066000' type='4'>nan</Property><Property tag='1067000' type='4'>nan</Property><Property tag='1069000' type='2'>-1</Property><Property tag='106B000' type='1'>0</Property><Property tag='1072000' type='1'>1</Property><Property tag='1075000' type='6' /><Property tag='1085000' type='3'>1</Property><Property tag='1086000' type='3'>1</Property><Property tag='1089000' type='2'>-1</Property><Property tag='10A0000' type='6' /><Property tag='10A1000' type='3'>9269</Property><Property tag='2001000' type='5'>{07944953-1185-3EAF-C461-96B5185A164C}</Property><Property tag='2006000' type='1'>1</Property><Property tag='2007000' type='1'>1</Property><Property tag='2008000' type='6'>NI 9269</Property><Property tag='200C000' type='6' /><Property tag='200D000' type='3'>0</Property><Property tag='2017000' type='1'>0</Property><Property tag='201C000' type='1'>0</Property><Property tag='2020000' type='1'>0</Property><Property tag='2025000' type='2'>20</Property><Property tag='203C000' type='1'>0</Property><Property tag='2045000' type='3'>29717</Property><Property tag='1000B000' type='1'>0</Property><Property tag='1000C000' type='1'>0</Property></PropertyBag>
		<PropertyBag><Property tag='1000000' type='6'>//localhost/daqmx/{97CC889E-0C6F-11EE-80AB-CE17887B499A}</Property><Property tag='1001000' type='1'>1</Property><Property tag='1002000' type='3'>9</Property><Property tag='1003000' type='3'>4243</Property><Property tag='1004000' type='6'>National Instruments</Property><Property tag='1005000' type='3'>29926</Property><Property tag='1006000' type='6'>NI 9269</Property><Property tag='1007000' type='6' /><Property tag='1008000' type='1'>1</Property><Property tag='1009000' type='1'>1</Property><Property tag='100A000' type='6'>{0A24A085-0C5E-11EE-807C-D0BCBFB2E963}</Property><Property tag='100B000' type='2'>1</Property><Property tag='100D000' type='3'>0</Property><Property tag='1010000' type='1'>0</Property><Property tag='1014000' type='1'>1</Property><Property tag='1015000' type='7'>0 0 0 0</Property><Property tag='1017000' type='7'>0 0 0 0</Property><Property tag='101C000' type='2'>1</Property><Property tag='101D000' type='6'>{97CC889E-0C6F-11EE-80AB-CE17887B499A}</Property><Property tag='101E000' type='6'>daqmx</Property><Property tag='101F000' type='6'>cDAQ1Mod1</Property><Property tag='1020000' type='1'>1</Property><Property tag='1022000' type='5'>{97CC889E-0C6F-11EE-80AB-CE17887B499A}</Property><Property tag='1024000' type='2'>1</Property><Property tag='1028000' type='1'>0</Property><Property tag='102A000' type='2'>200</Property><Property tag='102E000' type='4'>0.000000</Property><Property tag='1037000' type='3'>1376256</Property><Property tag='1038000' type='1'>0</Property><Property tag='104A000' type='1'>0</Property><Property tag='1054000' type='1'>1</Property><Property tag='1064000' type='2'>1</Property><Property tag='1065000' type='6'>TempSensor1</Property><Property tag='1066000' type='4'>nan</Property><Property tag='1067000' type='4'>nan</Property><Property tag='1069000' type='2'>-1</Property><Property tag='106B000' type='1'>0</Property><Property tag='1072000' type='1'>1</Property><Property tag='1075000' type='6' /><Property tag='1085000' type='3'>1</Property><Property tag='1086000' type='3'>1</Property><Property tag='1089000' type='2'>-1</Property><Property tag='10A0000' type='6' /><Property tag='10A1000' type='3'>9269</Property><Property tag='2001000' type='5'>{07944953-1185-3EAF-C461-96B5185A164C}</Property><Property tag='2006000' type='1'>1</Property><Property tag='2007000' type='1'>1</Property><Property tag='2008000' type='6'>NI 9269</Property><Property tag='200C000' type='6' /><Property tag='200D000' type='3'>0</Property><Property tag='2017000' type='1'>0</Property><Property tag='201C000' type='1'>0</Property><Property tag='2020000' type='1'>0</Property><Property tag='2025000' type='2'>20</Property><Property tag='203C000' type='1'>0</Property><Property tag='2045000' type='3'>29717</Property><Property tag='1000B000' type='1'>0</Property><Property tag='1000C000' type='1'>0</Property></PropertyBag>
		<PropertyBag><Property tag='1000000' type='6'>//localhost/daqmx/{F34B85F4-0C74-11EE-806A-AC06C9D9875D}</Property><Property tag='1001000' type='1'>1</Property><Property tag='1002000' type='3'>1</Property><Property tag='1003000' type='3'>4243</Property><Property tag='1004000' type='6'>National Instruments</Property><Property tag='1005000' type='3'>29036</Property><Property tag='1006000' type='6'>NI PCI-6225</Property><Property tag='1007000' type='6' /><Property tag='1008000' type='1'>1</Property><Property tag='1009000' type='1'>1</Property><Property tag='100A000' type='6' /><Property tag='100B000' type='2'>-1</Property><Property tag='100C000' type='2'>2</Property><Property tag='100D000' type='3'>0</Property><Property tag='1010000' type='1'>1</Property><Property tag='1014000' type='1'>1</Property><Property tag='1015000' type='7'>0 0 0 0</Property><Property tag='1017000' type='7'>0 0 0 0</Property><Property tag='1018000' type='3'>0</Property><Property tag='1019000' type='3'>0</Property><Property tag='101A000' type='3'>0</Property><Property tag='101C000' type='2'>1</Property><Property tag='101D000' type='6'>{F34B85F4-0C74-11EE-806A-AC06C9D9875D}</Property><Property tag='101E000' type='6'>daqmx</Property><Property tag='101F000' type='6'>SimDev1</Property><Property tag='1020000' type='1'>1</Property><Property tag='1022000' type='5'>{F34B85F4-0C74-11EE-806A-AC06C9D9875D}</Property><Property tag='1024000' type='2'>1</Property><Property tag='1026000' type='3'>13</Property><Property tag='1027000' type='6'>{F34B85F4-0C74-11EE-806A-AC06C9D9875D}</Property><Property tag='1028000' type='1'>0</Property><Property tag='102A000' type='2'>200</Property><Property tag='102E000' type='4'>0.000000</Property><Property tag='1030000' type='2'>-1</Property><Property tag='1031000' type='2'>-1</Property><Property tag='1032000' type='2'>-1</Property><Property tag='1037000' type='3'>1376256</Property><Property tag='1038000' type='1'>0</Property><Property tag='103B000' type='2'>0</Property><Property tag='1041000' type='2'>1</Property><Property tag='1042000' type='3'>1</Property><Property tag='1043000' type='6' /><Property tag='1048000' type='2'>-1</Property><Property tag='104A000' type='1'>0</Property><Property tag='1054000' type='1'>1</Property><Property tag='1064000' type='2'>1</Property><Property tag='1065000' type='6'>TempSensor1</Property><Property tag='1066000' type='4'>nan</Property><Property tag='1067000' type='4'>nan</Property><Property tag='1069000' type='2'>-1</Property><Property tag='106B000' type='1'>0</Property><Property tag='1072000' type='1'>1</Property><Property tag='1075000' type='6' /><Property tag='1079000' type='2'>-1</Property><Property tag='107A000' type='3'>0</Property><Property tag='1085000' type='3'>1</Property><Property tag='1086000' type='3'>1</Property><Property tag='1089000' type='2'>-1</Property><Property tag='10A0000' type='6' /><Property tag='10A1000' type='3'>6225</Property><Property tag='2001000' type='5'>{E7BF3253-61CB-3A9B-55AD-AAB28B70B22F}</Property><Property tag='2006000' type='1'>1</Property><Property tag='2007000' type='1'>1</Property><Property tag='2008000' type='6'>PCI-6225</Property><Property tag='200C000' type='6' /><Property tag='200D000' type='3'>0</Property><Property tag='2017000' type='1'>1</Property><Property tag='201C000' type='1'>0</Property><Property tag='2020000' type='1'>0</Property><Property tag='2025000' type='2'>2</Property><Property tag='203C000' type='1'>0</Property><Property tag='1000B000' type='1'>0</Property><Property tag='1000C000' type='1'>0</Property></PropertyBag>
		<PropertyBag><Property tag='1000000' type='6'>//localhost/niimaqdx/cam0</Property><Property tag='1001000' type='1'>1</Property><Property tag='1002000' type='3'>2</Property><Property tag='1003000' type='3'>3141</Property><Property tag='1004000' type='6'>Integrated Webcam</Property><Property tag='1005000' type='3'>27163</Property><Property tag='1006000' type='6'>Integrated Webcam </Property><Property tag='1007000' type='6'>1F186158DD22152D</Property><Property tag='1008000' type='1'>0</Property><Property tag='1009000' type='1'>0</Property><Property tag='100D000' type='3'>0</Property><Property tag='101B000' type='3'>1</Property><Property tag='101C000' type='2'>1</Property><Property tag='101D000' type='6'>cam0</Property><Property tag='101E000' type='6'>niimaqdx</Property><Property tag='101F000' type='6'>cam0</Property><Property tag='1020000' type='1'>0</Property><Property tag='1022000' type='5'>{00000000-0000-0000-0000-000000000000}</Property><Property tag='1024000' type='2'>1</Property><Property tag='1028000' type='1'>0</Property><Property tag='102A000' type='2'>150</Property><Property tag='1037000' type='3'>65536</Property><Property tag='1038000' type='1'>0</Property><Property tag='1054000' type='1'>0</Property><Property tag='7006000' type='3'>3</Property><Property tag='7007000' type='3'>2</Property><Property tag='7008000' type='3'>1</Property><Property tag='7009000' type='2'>1685284983</Property><Property tag='700C000' type='3'>352370847</Property><Property tag='700D000' type='6'>\\?\usb#vid_0c45&amp;pid_6a1b&amp;mi_00#6&amp;35167d30&amp;0&amp;0000#{65e8773d-8f56-11d0-a3b9-00a0c9223196}\global</Property></PropertyBag>
		<PropertyBag><Property tag='1000000' type='6'>//localhost/nisyscfg,ni-rio,ni-pxi/system,system,PXISystemController</Property><Property tag='1001000' type='1'>0</Property><Property tag='1002000' type='3'>0</Property><Property tag='1004000' type='6'>Dell Inc.</Property><Property tag='1005000' type='3'>0</Property><Property tag='1006000' type='6'>Precision 7670</Property><Property tag='1007000' type='6'>1SZKSQ3</Property><Property tag='1008000' type='1'>0</Property><Property tag='1009000' type='1'>0</Property><Property tag='100D000' type='3'>0</Property><Property tag='101C000' type='2'>3</Property><Property tag='101D000' type='6'>system</Property><Property tag='101D001' type='6'>system</Property><Property tag='101D002' type='6'>PXISystemController</Property><Property tag='101E000' type='6'>nisyscfg</Property><Property tag='101E001' type='6'>ni-rio</Property><Property tag='101E002' type='6'>ni-pxi</Property><Property tag='101F000' type='6'>W-LT-D69999-P</Property><Property tag='101F001' type='6' /><Property tag='101F002' type='6' /><Property tag='1020000' type='1'>0</Property><Property tag='1022000' type='5'>{4C4C4544-0053-5A10-804B-B1C04F535133}</Property><Property tag='1022001' type='5'>{00000000-0000-0000-0000-000000000000}</Property><Property tag='1022002' type='5'>{00000000-0000-0000-0000-000000000000}</Property><Property tag='1024000' type='2'>1</Property><Property tag='1028000' type='1'>0</Property><Property tag='102A000' type='2'>1000</Property><Property tag='102A001' type='2'>-100</Property><Property tag='102A002' type='2'>-1000</Property><Property tag='102F000' type='6'>1.9.1</Property><Property tag='1037000' type='3'>1441797</Property><Property tag='1037001' type='3'>1441797</Property><Property tag='1037002' type='3'>1441797</Property><Property tag='1038000' type='1'>1</Property><Property tag='1039000' type='2'>1</Property><Property tag='103A000' type='3'>4</Property><Property tag='103C000' type='6'>Desktop</Property><Property tag='103D000' type='6'>Dell Inc. Precision 7670 Asset Tag: D000069999 Serial Number: 1SZKSQ3. Imaged on 6/14/2023 with WIN10ENT_22H2DEP</Property><Property tag='1040000' type='3'>0</Property><Property tag='104E000' type='6'>Windows x64</Property><Property tag='104F000' type='6'>10.0.19045</Property><Property tag='1050000' type='6'>Microsoft Windows 10 Enterprise</Property><Property tag='1051000' type='7'>0 80000000 E142F2A0 0</Property><Property tag='1052000' type='1'>0</Property><Property tag='1054000' type='1'>0</Property><Property tag='1054001' type='1'>0</Property><Property tag='1054002' type='1'>0</Property><Property tag='1058000' type='2'>24</Property><Property tag='1075000' type='6' /><Property tag='1083000' type='6'>12th Gen Intel(R) Core(TM) i7-12850HX</Property><Property tag='1084000' type='2'>2</Property><Property tag='10B2000' type='2'>16</Property><Property tag='5002000' type='2'>0</Property><Property tag='5003000' type='2'>1</Property><Property tag='B004000' type='3'>0</Property><Property tag='B007000' type='3'>262144</Property><Property tag='B00B000' type='3'>1</Property><Property tag='B00C000' type='3'>3</Property><Property tag='B00D000' type='6'>National Instruments</Property><Property tag='B00E000' type='6'>(None Selected),National Instruments</Property><Property tag='B00F000' type='3'>1</Property><Property tag='B010000' type='3'>3</Property><Property tag='B011000' type='6'>National Instruments</Property><Property tag='B012000' type='6'>National Instruments</Property><Property tag='B013000' type='2'>0</Property><Property tag='B014000' type='6'>20.0.0</Property><Property tag='D114000' type='6'>W-LT-D69999-P.draper.com</Property><Property tag='D122000' type='4'>999459116.000000</Property><Property tag='D129000' type='1'>1</Property><Property tag='D150000' type='4'>33231604.000000</Property><Property tag='D153000' type='4'>38212340.000000</Property><Property tag='D156000' type='3'>0</Property><Property tag='16002000' type='6' /><Property tag='16003000' type='6' /><Property tag='16004000' type='3'>0</Property><Property tag='16005000' type='6' /><Property tag='16006000' type='6' /><Property tag='1600A000' type='6' /></PropertyBag>
		<PropertyBag><Property tag='1000000' type='6'>//localhost/ni-visa/ASRL4::INSTR</Property><Property tag='1001000' type='1'>0</Property><Property tag='1002000' type='3'>5</Property><Property tag='1004000' type='6' /><Property tag='1006000' type='6' /><Property tag='1007000' type='6' /><Property tag='1008000' type='1'>0</Property><Property tag='1009000' type='1'>0</Property><Property tag='100D000' type='3'>0</Property><Property tag='101C000' type='2'>1</Property><Property tag='101D000' type='6'>ASRL4::INSTR</Property><Property tag='101E000' type='6'>ni-visa</Property><Property tag='101F000' type='6'>COM4</Property><Property tag='1020000' type='1'>0</Property><Property tag='1022000' type='5'>{7DDA8981-3636-11EE-8010-F6456C78F898}</Property><Property tag='1024000' type='2'>0</Property><Property tag='1028000' type='1'>0</Property><Property tag='102A000' type='2'>1</Property><Property tag='1037000' type='3'>1376261</Property><Property tag='1038000' type='1'>0</Property><Property tag='1049000' type='6' /><Property tag='1054000' type='1'>1</Property><Property tag='10A1000' type='3'>0</Property></PropertyBag>
		<PropertyBag><Property tag='1000000' type='6'>//localhost/ni-visa/ASRL3::INSTR</Property><Property tag='1001000' type='1'>1</Property><Property tag='1002000' type='3'>5</Property><Property tag='1004000' type='6' /><Property tag='1006000' type='6' /><Property tag='1007000' type='6' /><Property tag='1008000' type='1'>0</Property><Property tag='1009000' type='1'>0</Property><Property tag='100D000' type='3'>0</Property><Property tag='101C000' type='2'>1</Property><Property tag='101D000' type='6'>ASRL3::INSTR</Property><Property tag='101E000' type='6'>ni-visa</Property><Property tag='101F000' type='6'>COM3</Property><Property tag='1020000' type='1'>0</Property><Property tag='1022000' type='5'>{9B4906C1-0BA5-11EE-80D1-C5CA5C03DBC1}</Property><Property tag='1024000' type='2'>1</Property><Property tag='1028000' type='1'>0</Property><Property tag='102A000' type='2'>1</Property><Property tag='1037000' type='3'>1376261</Property><Property tag='1038000' type='1'>0</Property><Property tag='1049000' type='6'>COM3</Property><Property tag='1054000' type='1'>1</Property><Property tag='1072000' type='1'>0</Property><Property tag='10A1000' type='3'>0</Property><Property tag='4001000' type='6'>Intel(R) Active Management Technology - SOL</Property><Property tag='4002000' type='3'>9600</Property><Property tag='4003000' type='3'>8</Property><Property tag='4004000' type='3'>0</Property><Property tag='4005000' type='3'>10</Property><Property tag='4006000' type='3'>0</Property><Property tag='400A000' type='1'>0</Property></PropertyBag>
		<PropertyBag><Property tag='1000000' type='6'>//localhost/nisyscfg/Wi-Fi</Property><Property tag='1001000' type='1'>0</Property><Property tag='1009000' type='1'>0</Property><Property tag='100D000' type='3'>0</Property><Property tag='101C000' type='2'>1</Property><Property tag='101D000' type='6'>Wi-Fi</Property><Property tag='101E000' type='6'>nisyscfg</Property><Property tag='101F000' type='6'>Intel(R) Wi-Fi 6E AX211 160MHz</Property><Property tag='1020000' type='1'>0</Property><Property tag='1022000' type='5'>{4ACAE504-AE62-41A9-9FE0-77D4FDF64193}</Property><Property tag='1028000' type='1'>0</Property><Property tag='102A000' type='2'>1000</Property><Property tag='1037000' type='3'>1441797</Property><Property tag='1038000' type='1'>1</Property><Property tag='1039000' type='2'>1</Property><Property tag='103A000' type='3'>5</Property><Property tag='1054000' type='1'>0</Property><Property tag='D102000' type='3'>32</Property><Property tag='D103000' type='3'>32</Property><Property tag='D104000' type='6'>A0:59:50:D5:C0:91</Property><Property tag='D105000' type='3'>2</Property><Property tag='D107000' type='6'>0.0.0.0</Property><Property tag='D108000' type='3'>1</Property><Property tag='D109000' type='6'>0.0.0.0</Property><Property tag='D126000' type='1'>0</Property><Property tag='D12C000' type='3'>2</Property></PropertyBag>
		<PropertyBag><Property tag='1000000' type='6'>//localhost/nisyscfg/Ethernet</Property><Property tag='1001000' type='1'>0</Property><Property tag='1009000' type='1'>0</Property><Property tag='100D000' type='3'>0</Property><Property tag='101C000' type='2'>1</Property><Property tag='101D000' type='6'>Ethernet</Property><Property tag='101E000' type='6'>nisyscfg</Property><Property tag='101F000' type='6'>Intel(R) Ethernet Connection (17) I219-LM</Property><Property tag='1020000' type='1'>0</Property><Property tag='1022000' type='5'>{E3AFAB5D-E82C-4735-B1AF-788722A269F1}</Property><Property tag='1028000' type='1'>0</Property><Property tag='102A000' type='2'>1000</Property><Property tag='1037000' type='3'>1441797</Property><Property tag='1038000' type='1'>1</Property><Property tag='1039000' type='2'>1</Property><Property tag='103A000' type='3'>5</Property><Property tag='1054000' type='1'>0</Property><Property tag='D102000' type='3'>2</Property><Property tag='D103000' type='3'>2</Property><Property tag='D104000' type='6'>CC:96:E5:4D:6D:91</Property><Property tag='D105000' type='3'>2</Property><Property tag='D107000' type='6'>0.0.0.0</Property><Property tag='D108000' type='3'>1</Property><Property tag='D109000' type='6'>0.0.0.0</Property><Property tag='D126000' type='1'>0</Property><Property tag='D12C000' type='3'>1</Property></PropertyBag>
		<PropertyBag><Property tag='1000000' type='6'>//localhost/nisyscfg/Bluetooth Network Connection</Property><Property tag='1001000' type='1'>0</Property><Property tag='1009000' type='1'>0</Property><Property tag='100D000' type='3'>0</Property><Property tag='101C000' type='2'>1</Property><Property tag='101D000' type='6'>Bluetooth Network Connection</Property><Property tag='101E000' type='6'>nisyscfg</Property><Property tag='101F000' type='6'>Bluetooth Device (Personal Area Network)</Property><Property tag='1020000' type='1'>0</Property><Property tag='1022000' type='5'>{8A78410E-E12A-4041-8C0F-D0891A43332E}</Property><Property tag='1028000' type='1'>0</Property><Property tag='102A000' type='2'>1000</Property><Property tag='1037000' type='3'>1441797</Property><Property tag='1038000' type='1'>1</Property><Property tag='1039000' type='2'>1</Property><Property tag='103A000' type='3'>5</Property><Property tag='1054000' type='1'>0</Property><Property tag='D102000' type='3'>2</Property><Property tag='D103000' type='3'>2</Property><Property tag='D104000' type='6'>A0:59:50:D5:C0:95</Property><Property tag='D105000' type='3'>2</Property><Property tag='D107000' type='6'>0.0.0.0</Property><Property tag='D108000' type='3'>1</Property><Property tag='D109000' type='6'>0.0.0.0</Property><Property tag='D126000' type='1'>0</Property><Property tag='D12C000' type='3'>1</Property></PropertyBag>
		<PropertyBag><Property tag='1000000' type='6'>//localhost/nisyscfg/Ethernet 3</Property><Property tag='1001000' type='1'>0</Property><Property tag='1009000' type='1'>0</Property><Property tag='100D000' type='3'>0</Property><Property tag='101C000' type='2'>1</Property><Property tag='101D000' type='6'>Ethernet 3</Property><Property tag='101E000' type='6'>nisyscfg</Property><Property tag='101F000' type='6'>Realtek USB GbE Family Controller</Property><Property tag='1020000' type='1'>0</Property><Property tag='1022000' type='5'>{BF00129E-C969-434A-A0E7-7EF2B699527A}</Property><Property tag='1028000' type='1'>0</Property><Property tag='102A000' type='2'>1000</Property><Property tag='1037000' type='3'>1441797</Property><Property tag='1038000' type='1'>1</Property><Property tag='1039000' type='2'>1</Property><Property tag='103A000' type='3'>5</Property><Property tag='1054000' type='1'>0</Property><Property tag='D102000' type='3'>2</Property><Property tag='D103000' type='3'>2</Property><Property tag='D104000' type='6'>90:8D:6E:19:14:54</Property><Property tag='D105000' type='3'>2</Property><Property tag='D107000' type='6'>10.2.61.83</Property><Property tag='D108000' type='3'>1</Property><Property tag='D109000' type='6'>255.255.254.0</Property><Property tag='D10A000' type='6'>10.2.61.254</Property><Property tag='D10B000' type='6'>10.10.20.11</Property><Property tag='D126000' type='1'>0</Property><Property tag='D12C000' type='3'>1</Property></PropertyBag>
		<PropertyBag><Property tag='1000000' type='6'>//localhost/nisyscfg/vEthernet (Default Switch)</Property><Property tag='1001000' type='1'>0</Property><Property tag='1009000' type='1'>0</Property><Property tag='100D000' type='3'>0</Property><Property tag='101C000' type='2'>1</Property><Property tag='101D000' type='6'>vEthernet (Default Switch)</Property><Property tag='101E000' type='6'>nisyscfg</Property><Property tag='101F000' type='6'>Hyper-V Virtual Ethernet Adapter</Property><Property tag='1020000' type='1'>0</Property><Property tag='1022000' type='5'>{870ACFEC-7915-4707-9EC0-8195C27BB22D}</Property><Property tag='1028000' type='1'>0</Property><Property tag='102A000' type='2'>1000</Property><Property tag='1037000' type='3'>1441797</Property><Property tag='1038000' type='1'>1</Property><Property tag='1039000' type='2'>1</Property><Property tag='103A000' type='3'>5</Property><Property tag='1054000' type='1'>0</Property><Property tag='D102000' type='3'>2</Property><Property tag='D103000' type='3'>2</Property><Property tag='D104000' type='6'>00:15:5D:85:C5:1E</Property><Property tag='D105000' type='3'>1</Property><Property tag='D107000' type='6'>172.20.160.1</Property><Property tag='D108000' type='3'>1</Property><Property tag='D109000' type='6'>255.255.240.0</Property><Property tag='D126000' type='1'>0</Property><Property tag='D12C000' type='3'>1</Property></PropertyBag>
		<PropertyBag><Property tag='1000000' type='6'>//localhost/nisyscfg/Ethernet 6</Property><Property tag='1001000' type='1'>0</Property><Property tag='1009000' type='1'>0</Property><Property tag='100D000' type='3'>0</Property><Property tag='101C000' type='2'>1</Property><Property tag='101D000' type='6'>Ethernet 6</Property><Property tag='101E000' type='6'>nisyscfg</Property><Property tag='101F000' type='6'>VirtualBox Host-Only Ethernet Adapter</Property><Property tag='1020000' type='1'>0</Property><Property tag='1022000' type='5'>{B56B704F-A073-4C2C-B8B4-C838A7C324C5}</Property><Property tag='1028000' type='1'>0</Property><Property tag='102A000' type='2'>1000</Property><Property tag='1037000' type='3'>1441797</Property><Property tag='1038000' type='1'>1</Property><Property tag='1039000' type='2'>1</Property><Property tag='103A000' type='3'>5</Property><Property tag='1054000' type='1'>0</Property><Property tag='D102000' type='3'>2</Property><Property tag='D103000' type='3'>2</Property><Property tag='D104000' type='6'>0A:00:27:00:00:12</Property><Property tag='D105000' type='3'>1</Property><Property tag='D107000' type='6'>192.168.56.1</Property><Property tag='D108000' type='3'>1</Property><Property tag='D109000' type='6'>255.255.255.0</Property><Property tag='D126000' type='1'>0</Property><Property tag='D12C000' type='3'>1</Property></PropertyBag>
	</CombinedItems>
	<ItemsByExpert>
		<PropertyBag><Property tag='1000000' type='6'>//localhost/daqmx/{0A24A085-0C5E-11EE-807C-D0BCBFB2E963}</Property><Property tag='1001000' type='1'>1</Property><Property tag='1002000' type='3'>2</Property><Property tag='1003000' type='3'>14627</Property><Property tag='1004000' type='6'>National Instruments</Property><Property tag='1005000' type='3'>30521</Property><Property tag='1006000' type='6'>NI cDAQ-9132</Property><Property tag='1007000' type='6' /><Property tag='1008000' type='1'>1</Property><Property tag='1009000' type='1'>1</Property><Property tag='100C000' type='2'>4</Property><Property tag='100D000' type='3'>0</Property><Property tag='1010000' type='1'>0</Property><Property tag='1014000' type='1'>0</Property><Property tag='101B000' type='3'>0</Property><Property tag='101C000' type='2'>1</Property><Property tag='101D000' type='6'>{0A24A085-0C5E-11EE-807C-D0BCBFB2E963}</Property><Property tag='101E000' type='6'>daqmx</Property><Property tag='101F000' type='6'>cDAQ1</Property><Property tag='1020000' type='1'>0</Property><Property tag='1022000' type='5'>{0A24A085-0C5E-11EE-807C-D0BCBFB2E963}</Property><Property tag='1024000' type='2'>1</Property><Property tag='1026000' type='3'>9</Property><Property tag='1027000' type='6'>{0A24A085-0C5E-11EE-807C-D0BCBFB2E963}</Property><Property tag='1028000' type='1'>1</Property><Property tag='102A000' type='2'>200</Property><Property tag='1037000' type='3'>1376256</Property><Property tag='1038000' type='1'>0</Property><Property tag='103B000' type='2'>1</Property><Property tag='104A000' type='1'>0</Property><Property tag='1054000' type='1'>1</Property><Property tag='106B000' type='1'>0</Property><Property tag='1072000' type='1'>1</Property><Property tag='1075000' type='6' /><Property tag='1085000' type='3'>1</Property><Property tag='1086000' type='3'>1</Property><Property tag='10A1000' type='3'>9132</Property><Property tag='2001000' type='5'>{A2C06FAB-4997-3F99-4643-FB2FFB43AE18}</Property><Property tag='2006000' type='1'>0</Property><Property tag='2007000' type='1'>0</Property><Property tag='2008000' type='6'>cDAQ-9132</Property><Property tag='200C000' type='6' /><Property tag='200D000' type='3'>0</Property><Property tag='2017000' type='1'>0</Property><Property tag='201C000' type='1'>0</Property><Property tag='2020000' type='1'>0</Property><Property tag='2025000' type='2'>19</Property><Property tag='203C000' type='1'>0</Property><Property tag='1000B000' type='1'>0</Property><Property tag='1000C000' type='1'>0</Property></PropertyBag>
		<PropertyBag><Property tag='1000000' type='6'>//localhost/daqmx/{29A03699-0C5F-11EE-807C-D0BCBFB2E963}</Property><Property tag='1001000' type='1'>1</Property><Property tag='1002000' type='3'>9</Property><Property tag='1003000' type='3'>4243</Property><Property tag='1004000' type='6'>National Instruments</Property><Property tag='1005000' type='3'>30861</Property><Property tag='1006000' type='6'>NI 9202</Property><Property tag='1007000' type='6' /><Property tag='1008000' type='1'>1</Property><Property tag='1009000' type='1'>1</Property><Property tag='100A000' type='6'>{0A24A085-0C5E-11EE-807C-D0BCBFB2E963}</Property><Property tag='100B000' type='2'>2</Property><Property tag='100D000' type='3'>0</Property><Property tag='1010000' type='1'>0</Property><Property tag='1014000' type='1'>1</Property><Property tag='1015000' type='7'>0 0 0 0</Property><Property tag='1017000' type='7'>0 0 0 0</Property><Property tag='101C000' type='2'>1</Property><Property tag='101D000' type='6'>{29A03699-0C5F-11EE-807C-D0BCBFB2E963}</Property><Property tag='101E000' type='6'>daqmx</Property><Property tag='101F000' type='6'>cDAQ1Mod2</Property><Property tag='1020000' type='1'>1</Property><Property tag='1022000' type='5'>{29A03699-0C5F-11EE-807C-D0BCBFB2E963}</Property><Property tag='1024000' type='2'>1</Property><Property tag='1028000' type='1'>0</Property><Property tag='102A000' type='2'>200</Property><Property tag='102E000' type='4'>0.000000</Property><Property tag='1037000' type='3'>1376256</Property><Property tag='1038000' type='1'>0</Property><Property tag='104A000' type='1'>0</Property><Property tag='1054000' type='1'>1</Property><Property tag='1064000' type='2'>1</Property><Property tag='1065000' type='6'>TempSensor1</Property><Property tag='1066000' type='4'>nan</Property><Property tag='1067000' type='4'>nan</Property><Property tag='1069000' type='2'>-1</Property><Property tag='106B000' type='1'>0</Property><Property tag='1072000' type='1'>1</Property><Property tag='1075000' type='6' /><Property tag='1085000' type='3'>1</Property><Property tag='1086000' type='3'>1</Property><Property tag='1089000' type='2'>-1</Property><Property tag='10A0000' type='6' /><Property tag='10A1000' type='3'>9202</Property><Property tag='2001000' type='5'>{8AA69746-857E-3ECD-D4CA-D0B53E507ADA}</Property><Property tag='2006000' type='1'>1</Property><Property tag='2007000' type='1'>1</Property><Property tag='2008000' type='6'>NI 9202</Property><Property tag='200C000' type='6' /><Property tag='200D000' type='3'>0</Property><Property tag='2017000' type='1'>0</Property><Property tag='201C000' type='1'>0</Property><Property tag='2020000' type='1'>0</Property><Property tag='2025000' type='2'>20</Property><Property tag='203C000' type='1'>0</Property><Property tag='2045000' type='3'>30860</Property><Property tag='1000B000' type='1'>0</Property><Property tag='1000C000' type='1'>0</Property></PropertyBag>
		<PropertyBag><Property tag='1000000' type='6'>//localhost/daqmx/{2A8741B4-0C5F-11EE-807C-D0BCBFB2E963}</Property><Property tag='1001000' type='1'>1</Property><Property tag='1002000' type='3'>9</Property><Property tag='1003000' type='3'>4243</Property><Property tag='1004000' type='6'>National Instruments</Property><Property tag='1005000' type='3'>29285</Property><Property tag='1006000' type='6'>NI 9205</Property><Property tag='1007000' type='6' /><Property tag='1008000' type='1'>1</Property><Property tag='1009000' type='1'>1</Property><Property tag='100A000' type='6'>{0A24A085-0C5E-11EE-807C-D0BCBFB2E963}</Property><Property tag='100B000' type='2'>4</Property><Property tag='100D000' type='3'>0</Property><Property tag='1010000' type='1'>1</Property><Property tag='1014000' type='1'>1</Property><Property tag='1015000' type='7'>0 0 0 0</Property><Property tag='1017000' type='7'>0 0 0 0</Property><Property tag='101C000' type='2'>1</Property><Property tag='101D000' type='6'>{2A8741B4-0C5F-11EE-807C-D0BCBFB2E963}</Property><Property tag='101E000' type='6'>daqmx</Property><Property tag='101F000' type='6'>cDAQ1Mod4</Property><Property tag='1020000' type='1'>1</Property><Property tag='1022000' type='5'>{2A8741B4-0C5F-11EE-807C-D0BCBFB2E963}</Property><Property tag='1024000' type='2'>1</Property><Property tag='1028000' type='1'>0</Property><Property tag='102A000' type='2'>200</Property><Property tag='102E000' type='4'>0.000000</Property><Property tag='1037000' type='3'>1376256</Property><Property tag='1038000' type='1'>0</Property><Property tag='104A000' type='1'>0</Property><Property tag='1054000' type='1'>1</Property><Property tag='1064000' type='2'>1</Property><Property tag='1065000' type='6'>TempSensor1</Property><Property tag='1066000' type='4'>nan</Property><Property tag='1067000' type='4'>nan</Property><Property tag='1069000' type='2'>-1</Property><Property tag='106B000' type='1'>0</Property><Property tag='1072000' type='1'>1</Property><Property tag='1075000' type='6' /><Property tag='1085000' type='3'>1</Property><Property tag='1086000' type='3'>1</Property><Property tag='1089000' type='2'>-1</Property><Property tag='10A0000' type='6' /><Property tag='10A1000' type='3'>9205</Property><Property tag='2001000' type='5'>{C42C8F38-B00D-3944-EFEE-EEB2CC64ED02}</Property><Property tag='2006000' type='1'>1</Property><Property tag='2007000' type='1'>1</Property><Property tag='2008000' type='6'>NI 9205</Property><Property tag='200C000' type='6' /><Property tag='200D000' type='3'>0</Property><Property tag='2017000' type='1'>0</Property><Property tag='201C000' type='1'>0</Property><Property tag='2020000' type='1'>0</Property><Property tag='2025000' type='2'>20</Property><Property tag='203C000' type='1'>0</Property><Property tag='2045000' type='3'>29162</Property><Property tag='1000B000' type='1'>0</Property><Property tag='1000C000' type='1'>0</Property></PropertyBag>
		<PropertyBag><Property tag='1000000' type='6'>//localhost/daqmx/{2B57CF1D-0C5F-11EE-807C-D0BCBFB2E963}</Property><Property tag='1001000' type='1'>1</Property><Property tag='1002000' type='3'>9</Property><Property tag='1003000' type='3'>4243</Property><Property tag='1004000' type='6'>National Instruments</Property><Property tag='1005000' type='3'>29384</Property><Property tag='1006000' type='6'>NI 9203</Property><Property tag='1007000' type='6' /><Property tag='1008000' type='1'>1</Property><Property tag='1009000' type='1'>1</Property><Property tag='100A000' type='6'>{0A24A085-0C5E-11EE-807C-D0BCBFB2E963}</Property><Property tag='100B000' type='2'>3</Property><Property tag='100D000' type='3'>0</Property><Property tag='1010000' type='1'>0</Property><Property tag='1014000' type='1'>1</Property><Property tag='1015000' type='7'>0 0 0 0</Property><Property tag='1017000' type='7'>0 0 0 0</Property><Property tag='101C000' type='2'>1</Property><Property tag='101D000' type='6'>{2B57CF1D-0C5F-11EE-807C-D0BCBFB2E963}</Property><Property tag='101E000' type='6'>daqmx</Property><Property tag='101F000' type='6'>cDAQ1Mod3</Property><Property tag='1020000' type='1'>1</Property><Property tag='1022000' type='5'>{2B57CF1D-0C5F-11EE-807C-D0BCBFB2E963}</Property><Property tag='1024000' type='2'>1</Property><Property tag='1028000' type='1'>0</Property><Property tag='102A000' type='2'>200</Property><Property tag='102E000' type='4'>0.000000</Property><Property tag='1037000' type='3'>1376256</Property><Property tag='1038000' type='1'>0</Property><Property tag='104A000' type='1'>0</Property><Property tag='1054000' type='1'>1</Property><Property tag='1064000' type='2'>1</Property><Property tag='1065000' type='6'>TempSensor1</Property><Property tag='1066000' type='4'>nan</Property><Property tag='1067000' type='4'>nan</Property><Property tag='1069000' type='2'>-1</Property><Property tag='106B000' type='1'>0</Property><Property tag='1072000' type='1'>1</Property><Property tag='1075000' type='6' /><Property tag='1085000' type='3'>1</Property><Property tag='1086000' type='3'>1</Property><Property tag='1089000' type='2'>-1</Property><Property tag='10A0000' type='6' /><Property tag='10A1000' type='3'>9203</Property><Property tag='2001000' type='5'>{92C92D31-D41D-3EA4-DD78-DB6457EFC7D4}</Property><Property tag='2006000' type='1'>1</Property><Property tag='2007000' type='1'>1</Property><Property tag='2008000' type='6'>NI 9203</Property><Property tag='200C000' type='6' /><Property tag='200D000' type='3'>0</Property><Property tag='2017000' type='1'>0</Property><Property tag='201C000' type='1'>0</Property><Property tag='2020000' type='1'>0</Property><Property tag='2025000' type='2'>20</Property><Property tag='203C000' type='1'>0</Property><Property tag='2045000' type='3'>28969</Property><Property tag='1000B000' type='1'>0</Property><Property tag='1000C000' type='1'>0</Property></PropertyBag>
		<PropertyBag><Property tag='1000000' type='6'>//localhost/daqmx/{2BDC97FD-1678-11EE-80B9-C828B1515463}</Property><Property tag='1001000' type='1'>1</Property><Property tag='1002000' type='3'>2</Property><Property tag='1003000' type='3'>14627</Property><Property tag='1004000' type='6'>National Instruments</Property><Property tag='1005000' type='3'>30832</Property><Property tag='1006000' type='6'>NI Simulated DAQ Device</Property><Property tag='1007000' type='6' /><Property tag='1008000' type='1'>1</Property><Property tag='1009000' type='1'>1</Property><Property tag='100D000' type='3'>0</Property><Property tag='1010000' type='1'>1</Property><Property tag='1014000' type='1'>1</Property><Property tag='1015000' type='7'>0 0 0 0</Property><Property tag='1017000' type='7'>0 0 0 0</Property><Property tag='101B000' type='3'>0</Property><Property tag='101C000' type='2'>1</Property><Property tag='101D000' type='6'>{2BDC97FD-1678-11EE-80B9-C828B1515463}</Property><Property tag='101E000' type='6'>daqmx</Property><Property tag='101F000' type='6'>SimDev2</Property><Property tag='1020000' type='1'>1</Property><Property tag='1022000' type='5'>{2BDC97FD-1678-11EE-80B9-C828B1515463}</Property><Property tag='1024000' type='2'>1</Property><Property tag='1028000' type='1'>0</Property><Property tag='102A000' type='2'>200</Property><Property tag='102E000' type='4'>0.000000</Property><Property tag='1037000' type='3'>1376256</Property><Property tag='1038000' type='1'>0</Property><Property tag='104A000' type='1'>0</Property><Property tag='1054000' type='1'>1</Property><Property tag='1064000' type='2'>1</Property><Property tag='1065000' type='6'>TempSensor1</Property><Property tag='1066000' type='4'>nan</Property><Property tag='1067000' type='4'>nan</Property><Property tag='1069000' type='2'>-1</Property><Property tag='106B000' type='1'>0</Property><Property tag='1072000' type='1'>1</Property><Property tag='1075000' type='6' /><Property tag='1085000' type='3'>1</Property><Property tag='1086000' type='3'>1</Property><Property tag='1089000' type='2'>-1</Property><Property tag='10A0000' type='6' /><Property tag='2001000' type='5'>{F07C0CEE-C2C7-3F71-371F-86D92DFCD066}</Property><Property tag='2006000' type='1'>1</Property><Property tag='2007000' type='1'>0</Property><Property tag='2008000' type='6'>NI Simulated DAQ Device</Property><Property tag='200C000' type='6' /><Property tag='200D000' type='3'>0</Property><Property tag='2017000' type='1'>1</Property><Property tag='201C000' type='1'>0</Property><Property tag='2020000' type='1'>0</Property><Property tag='2025000' type='2'>25</Property><Property tag='203C000' type='1'>0</Property><Property tag='10001000' type='1'>1</Property><Property tag='10002000' type='3'>1</Property><Property tag='10003000' type='1'>0</Property><Property tag='1000B000' type='1'>0</Property><Property tag='1000C000' type='1'>0</Property></PropertyBag>
		<PropertyBag><Property tag='1000000' type='6'>//localhost/daqmx/{5438C7C5-0C62-11EE-8035-97635A774CC1}</Property><Property tag='1001000' type='1'>1</Property><Property tag='1002000' type='3'>2</Property><Property tag='1003000' type='3'>14627</Property><Property tag='1004000' type='6'>National Instruments</Property><Property tag='1005000' type='3'>30383</Property><Property tag='1006000' type='6'>NI USB-6000</Property><Property tag='1007000' type='6' /><Property tag='1008000' type='1'>1</Property><Property tag='1009000' type='1'>1</Property><Property tag='100D000' type='3'>0</Property><Property tag='1010000' type='1'>0</Property><Property tag='1014000' type='1'>0</Property><Property tag='101B000' type='3'>0</Property><Property tag='101C000' type='2'>1</Property><Property tag='101D000' type='6'>{5438C7C5-0C62-11EE-8035-97635A774CC1}</Property><Property tag='101E000' type='6'>daqmx</Property><Property tag='101F000' type='6'>SimUsb6000</Property><Property tag='1020000' type='1'>0</Property><Property tag='1022000' type='5'>{5438C7C5-0C62-11EE-8035-97635A774CC1}</Property><Property tag='1024000' type='2'>1</Property><Property tag='1028000' type='1'>0</Property><Property tag='102A000' type='2'>200</Property><Property tag='1037000' type='3'>1376256</Property><Property tag='1038000' type='1'>0</Property><Property tag='104A000' type='1'>0</Property><Property tag='1054000' type='1'>1</Property><Property tag='106B000' type='1'>0</Property><Property tag='1072000' type='1'>1</Property><Property tag='1075000' type='6' /><Property tag='1085000' type='3'>1</Property><Property tag='1086000' type='3'>1</Property><Property tag='10A1000' type='3'>6000</Property><Property tag='2001000' type='5'>{7E14794B-FF07-3B51-6F8B-8849576C3A48}</Property><Property tag='2006000' type='1'>1</Property><Property tag='2007000' type='1'>1</Property><Property tag='2008000' type='6'>USB-6000</Property><Property tag='200C000' type='6' /><Property tag='200D000' type='3'>0</Property><Property tag='2017000' type='1'>0</Property><Property tag='201C000' type='1'>0</Property><Property tag='2020000' type='1'>0</Property><Property tag='2025000' type='2'>11</Property><Property tag='203C000' type='1'>0</Property><Property tag='1000B000' type='1'>0</Property><Property tag='1000C000' type='1'>0</Property></PropertyBag>
		<PropertyBag><Property tag='1000000' type='6'>//localhost/daqmx/{7318C7DE-0F8B-11EE-8067-A2E3A1BB1222}</Property><Property tag='1001000' type='1'>1</Property><Property tag='1002000' type='3'>2</Property><Property tag='1003000' type='3'>14627</Property><Property tag='1004000' type='6'>National Instruments</Property><Property tag='1005000' type='3'>30521</Property><Property tag='1006000' type='6'>NI cDAQ-9132</Property><Property tag='1007000' type='6' /><Property tag='1008000' type='1'>1</Property><Property tag='1009000' type='1'>1</Property><Property tag='100C000' type='2'>4</Property><Property tag='100D000' type='3'>0</Property><Property tag='1010000' type='1'>0</Property><Property tag='1014000' type='1'>0</Property><Property tag='101B000' type='3'>0</Property><Property tag='101C000' type='2'>1</Property><Property tag='101D000' type='6'>{7318C7DE-0F8B-11EE-8067-A2E3A1BB1222}</Property><Property tag='101E000' type='6'>daqmx</Property><Property tag='101F000' type='6'>cDAQ2</Property><Property tag='1020000' type='1'>0</Property><Property tag='1022000' type='5'>{7318C7DE-0F8B-11EE-8067-A2E3A1BB1222}</Property><Property tag='1024000' type='2'>1</Property><Property tag='1026000' type='3'>9</Property><Property tag='1027000' type='6'>{7318C7DE-0F8B-11EE-8067-A2E3A1BB1222}</Property><Property tag='1028000' type='1'>1</Property><Property tag='102A000' type='2'>200</Property><Property tag='1037000' type='3'>1376256</Property><Property tag='1038000' type='1'>0</Property><Property tag='103B000' type='2'>1</Property><Property tag='104A000' type='1'>0</Property><Property tag='1054000' type='1'>1</Property><Property tag='106B000' type='1'>0</Property><Property tag='1072000' type='1'>1</Property><Property tag='1075000' type='6' /><Property tag='1085000' type='3'>1</Property><Property tag='1086000' type='3'>1</Property><Property tag='10A1000' type='3'>9132</Property><Property tag='2001000' type='5'>{A2C06FAB-4997-3F99-4643-FB2FFB43AE18}</Property><Property tag='2006000' type='1'>0</Property><Property tag='2007000' type='1'>0</Property><Property tag='2008000' type='6'>cDAQ-9132</Property><Property tag='200C000' type='6' /><Property tag='200D000' type='3'>0</Property><Property tag='2017000' type='1'>0</Property><Property tag='201C000' type='1'>0</Property><Property tag='2020000' type='1'>0</Property><Property tag='2025000' type='2'>19</Property><Property tag='203C000' type='1'>0</Property><Property tag='1000B000' type='1'>0</Property><Property tag='1000C000' type='1'>0</Property></PropertyBag>
		<PropertyBag><Property tag='1000000' type='6'>//localhost/daqmx/{832C252E-0F8B-11EE-8067-A2E3A1BB1222}</Property><Property tag='1001000' type='1'>1</Property><Property tag='1002000' type='3'>9</Property><Property tag='1003000' type='3'>4243</Property><Property tag='1004000' type='6'>National Instruments</Property><Property tag='1005000' type='3'>29926</Property><Property tag='1006000' type='6'>NI 9269</Property><Property tag='1007000' type='6' /><Property tag='1008000' type='1'>1</Property><Property tag='1009000' type='1'>1</Property><Property tag='100A000' type='6'>{7318C7DE-0F8B-11EE-8067-A2E3A1BB1222}</Property><Property tag='100B000' type='2'>1</Property><Property tag='100D000' type='3'>0</Property><Property tag='1010000' type='1'>0</Property><Property tag='1014000' type='1'>1</Property><Property tag='1015000' type='7'>0 0 0 0</Property><Property tag='1017000' type='7'>0 0 0 0</Property><Property tag='101C000' type='2'>1</Property><Property tag='101D000' type='6'>{832C252E-0F8B-11EE-8067-A2E3A1BB1222}</Property><Property tag='101E000' type='6'>daqmx</Property><Property tag='101F000' type='6'>cDAQ2Mod1</Property><Property tag='1020000' type='1'>1</Property><Property tag='1022000' type='5'>{832C252E-0F8B-11EE-8067-A2E3A1BB1222}</Property><Property tag='1024000' type='2'>1</Property><Property tag='1028000' type='1'>0</Property><Property tag='102A000' type='2'>200</Property><Property tag='102E000' type='4'>0.000000</Property><Property tag='1037000' type='3'>1376256</Property><Property tag='1038000' type='1'>0</Property><Property tag='104A000' type='1'>0</Property><Property tag='1054000' type='1'>1</Property><Property tag='1064000' type='2'>1</Property><Property tag='1065000' type='6'>TempSensor1</Property><Property tag='1066000' type='4'>nan</Property><Property tag='1067000' type='4'>nan</Property><Property tag='1069000' type='2'>-1</Property><Property tag='106B000' type='1'>0</Property><Property tag='1072000' type='1'>1</Property><Property tag='1075000' type='6' /><Property tag='1085000' type='3'>1</Property><Property tag='1086000' type='3'>1</Property><Property tag='1089000' type='2'>-1</Property><Property tag='10A0000' type='6' /><Property tag='10A1000' type='3'>9269</Property><Property tag='2001000' type='5'>{07944953-1185-3EAF-C461-96B5185A164C}</Property><Property tag='2006000' type='1'>1</Property><Property tag='2007000' type='1'>1</Property><Property tag='2008000' type='6'>NI 9269</Property><Property tag='200C000' type='6' /><Property tag='200D000' type='3'>0</Property><Property tag='2017000' type='1'>0</Property><Property tag='201C000' type='1'>0</Property><Property tag='2020000' type='1'>0</Property><Property tag='2025000' type='2'>20</Property><Property tag='203C000' type='1'>0</Property><Property tag='2045000' type='3'>29717</Property><Property tag='1000B000' type='1'>0</Property><Property tag='1000C000' type='1'>0</Property></PropertyBag>
		<PropertyBag><Property tag='1000000' type='6'>//localhost/daqmx/{97CC889E-0C6F-11EE-80AB-CE17887B499A}</Property><Property tag='1001000' type='1'>1</Property><Property tag='1002000' type='3'>9</Property><Property tag='1003000' type='3'>4243</Property><Property tag='1004000' type='6'>National Instruments</Property><Property tag='1005000' type='3'>29926</Property><Property tag='1006000' type='6'>NI 9269</Property><Property tag='1007000' type='6' /><Property tag='1008000' type='1'>1</Property><Property tag='1009000' type='1'>1</Property><Property tag='100A000' type='6'>{0A24A085-0C5E-11EE-807C-D0BCBFB2E963}</Property><Property tag='100B000' type='2'>1</Property><Property tag='100D000' type='3'>0</Property><Property tag='1010000' type='1'>0</Property><Property tag='1014000' type='1'>1</Property><Property tag='1015000' type='7'>0 0 0 0</Property><Property tag='1017000' type='7'>0 0 0 0</Property><Property tag='101C000' type='2'>1</Property><Property tag='101D000' type='6'>{97CC889E-0C6F-11EE-80AB-CE17887B499A}</Property><Property tag='101E000' type='6'>daqmx</Property><Property tag='101F000' type='6'>cDAQ1Mod1</Property><Property tag='1020000' type='1'>1</Property><Property tag='1022000' type='5'>{97CC889E-0C6F-11EE-80AB-CE17887B499A}</Property><Property tag='1024000' type='2'>1</Property><Property tag='1028000' type='1'>0</Property><Property tag='102A000' type='2'>200</Property><Property tag='102E000' type='4'>0.000000</Property><Property tag='1037000' type='3'>1376256</Property><Property tag='1038000' type='1'>0</Property><Property tag='104A000' type='1'>0</Property><Property tag='1054000' type='1'>1</Property><Property tag='1064000' type='2'>1</Property><Property tag='1065000' type='6'>TempSensor1</Property><Property tag='1066000' type='4'>nan</Property><Property tag='1067000' type='4'>nan</Property><Property tag='1069000' type='2'>-1</Property><Property tag='106B000' type='1'>0</Property><Property tag='1072000' type='1'>1</Property><Property tag='1075000' type='6' /><Property tag='1085000' type='3'>1</Property><Property tag='1086000' type='3'>1</Property><Property tag='1089000' type='2'>-1</Property><Property tag='10A0000' type='6' /><Property tag='10A1000' type='3'>9269</Property><Property tag='2001000' type='5'>{07944953-1185-3EAF-C461-96B5185A164C}</Property><Property tag='2006000' type='1'>1</Property><Property tag='2007000' type='1'>1</Property><Property tag='2008000' type='6'>NI 9269</Property><Property tag='200C000' type='6' /><Property tag='200D000' type='3'>0</Property><Property tag='2017000' type='1'>0</Property><Property tag='201C000' type='1'>0</Property><Property tag='2020000' type='1'>0</Property><Property tag='2025000' type='2'>20</Property><Property tag='203C000' type='1'>0</Property><Property tag='2045000' type='3'>29717</Property><Property tag='1000B000' type='1'>0</Property><Property tag='1000C000' type='1'>0</Property></PropertyBag>
		<PropertyBag><Property tag='1000000' type='6'>//localhost/daqmx/{F34B85F4-0C74-11EE-806A-AC06C9D9875D}</Property><Property tag='1001000' type='1'>1</Property><Property tag='1002000' type='3'>1</Property><Property tag='1003000' type='3'>4243</Property><Property tag='1004000' type='6'>National Instruments</Property><Property tag='1005000' type='3'>29036</Property><Property tag='1006000' type='6'>NI PCI-6225</Property><Property tag='1007000' type='6' /><Property tag='1008000' type='1'>1</Property><Property tag='1009000' type='1'>1</Property><Property tag='100A000' type='6' /><Property tag='100B000' type='2'>-1</Property><Property tag='100C000' type='2'>2</Property><Property tag='100D000' type='3'>0</Property><Property tag='1010000' type='1'>1</Property><Property tag='1014000' type='1'>1</Property><Property tag='1015000' type='7'>0 0 0 0</Property><Property tag='1017000' type='7'>0 0 0 0</Property><Property tag='1018000' type='3'>0</Property><Property tag='1019000' type='3'>0</Property><Property tag='101A000' type='3'>0</Property><Property tag='101C000' type='2'>1</Property><Property tag='101D000' type='6'>{F34B85F4-0C74-11EE-806A-AC06C9D9875D}</Property><Property tag='101E000' type='6'>daqmx</Property><Property tag='101F000' type='6'>SimDev1</Property><Property tag='1020000' type='1'>1</Property><Property tag='1022000' type='5'>{F34B85F4-0C74-11EE-806A-AC06C9D9875D}</Property><Property tag='1024000' type='2'>1</Property><Property tag='1026000' type='3'>13</Property><Property tag='1027000' type='6'>{F34B85F4-0C74-11EE-806A-AC06C9D9875D}</Property><Property tag='1028000' type='1'>0</Property><Property tag='102A000' type='2'>200</Property><Property tag='102E000' type='4'>0.000000</Property><Property tag='1030000' type='2'>-1</Property><Property tag='1031000' type='2'>-1</Property><Property tag='1032000' type='2'>-1</Property><Property tag='1037000' type='3'>1376256</Property><Property tag='1038000' type='1'>0</Property><Property tag='103B000' type='2'>0</Property><Property tag='1041000' type='2'>1</Property><Property tag='1042000' type='3'>1</Property><Property tag='1043000' type='6' /><Property tag='1048000' type='2'>-1</Property><Property tag='104A000' type='1'>0</Property><Property tag='1054000' type='1'>1</Property><Property tag='1064000' type='2'>1</Property><Property tag='1065000' type='6'>TempSensor1</Property><Property tag='1066000' type='4'>nan</Property><Property tag='1067000' type='4'>nan</Property><Property tag='1069000' type='2'>-1</Property><Property tag='106B000' type='1'>0</Property><Property tag='1072000' type='1'>1</Property><Property tag='1075000' type='6' /><Property tag='1079000' type='2'>-1</Property><Property tag='107A000' type='3'>0</Property><Property tag='1085000' type='3'>1</Property><Property tag='1086000' type='3'>1</Property><Property tag='1089000' type='2'>-1</Property><Property tag='10A0000' type='6' /><Property tag='10A1000' type='3'>6225</Property><Property tag='2001000' type='5'>{E7BF3253-61CB-3A9B-55AD-AAB28B70B22F}</Property><Property tag='2006000' type='1'>1</Property><Property tag='2007000' type='1'>1</Property><Property tag='2008000' type='6'>PCI-6225</Property><Property tag='200C000' type='6' /><Property tag='200D000' type='3'>0</Property><Property tag='2017000' type='1'>1</Property><Property tag='201C000' type='1'>0</Property><Property tag='2020000' type='1'>0</Property><Property tag='2025000' type='2'>2</Property><Property tag='203C000' type='1'>0</Property><Property tag='1000B000' type='1'>0</Property><Property tag='1000C000' type='1'>0</Property></PropertyBag>
		<PropertyBag><Property tag='1000000' type='6'>//localhost/niimaqdx/cam0</Property><Property tag='1001000' type='1'>1</Property><Property tag='1002000' type='3'>2</Property><Property tag='1003000' type='3'>3141</Property><Property tag='1004000' type='6'>Integrated Webcam</Property><Property tag='1005000' type='3'>27163</Property><Property tag='1006000' type='6'>Integrated Webcam </Property><Property tag='1007000' type='6'>1F186158DD22152D</Property><Property tag='1008000' type='1'>0</Property><Property tag='1009000' type='1'>0</Property><Property tag='100D000' type='3'>0</Property><Property tag='101B000' type='3'>1</Property><Property tag='101C000' type='2'>1</Property><Property tag='101D000' type='6'>cam0</Property><Property tag='101E000' type='6'>niimaqdx</Property><Property tag='101F000' type='6'>cam0</Property><Property tag='1020000' type='1'>0</Property><Property tag='1022000' type='5'>{00000000-0000-0000-0000-000000000000}</Property><Property tag='1024000' type='2'>1</Property><Property tag='1028000' type='1'>0</Property><Property tag='102A000' type='2'>150</Property><Property tag='1037000' type='3'>65536</Property><Property tag='1038000' type='1'>0</Property><Property tag='1054000' type='1'>0</Property><Property tag='7006000' type='3'>3</Property><Property tag='7007000' type='3'>2</Property><Property tag='7008000' type='3'>1</Property><Property tag='7009000' type='2'>1685284983</Property><Property tag='700C000' type='3'>352370847</Property><Property tag='700D000' type='6'>\\?\usb#vid_0c45&amp;pid_6a1b&amp;mi_00#6&amp;35167d30&amp;0&amp;0000#{65e8773d-8f56-11d0-a3b9-00a0c9223196}\global</Property></PropertyBag>
		<PropertyBag><Property tag='1000000' type='6'>//localhost/ni-pxi/PXISystemController</Property><Property tag='1001000' type='1'>0</Property><Property tag='1009000' type='1'>0</Property><Property tag='100D000' type='3'>0</Property><Property tag='101C000' type='2'>1</Property><Property tag='101D000' type='6'>PXISystemController</Property><Property tag='101E000' type='6'>ni-pxi</Property><Property tag='101F000' type='6' /><Property tag='1020000' type='1'>0</Property><Property tag='1022000' type='5'>{00000000-0000-0000-0000-000000000000}</Property><Property tag='1024000' type='2'>1</Property><Property tag='1028000' type='1'>0</Property><Property tag='102A000' type='2'>-1000</Property><Property tag='1037000' type='3'>1441797</Property><Property tag='1038000' type='1'>1</Property><Property tag='1039000' type='2'>1</Property><Property tag='103A000' type='3'>4</Property><Property tag='103C000' type='6' /><Property tag='103D000' type='6' /><Property tag='1054000' type='1'>0</Property><Property tag='B004000' type='3'>0</Property><Property tag='B007000' type='3'>262144</Property><Property tag='B00B000' type='3'>1</Property><Property tag='B00C000' type='3'>3</Property><Property tag='B00D000' type='6'>National Instruments</Property><Property tag='B00E000' type='6'>(None Selected),National Instruments</Property><Property tag='B00F000' type='3'>1</Property><Property tag='B010000' type='3'>3</Property><Property tag='B011000' type='6'>National Instruments</Property><Property tag='B012000' type='6'>National Instruments</Property><Property tag='B013000' type='2'>0</Property><Property tag='B014000' type='6'>20.0.0</Property><Property tag='16002000' type='6' /><Property tag='16003000' type='6' /><Property tag='16004000' type='3'>0</Property><Property tag='16005000' type='6' /><Property tag='16006000' type='6' /><Property tag='1600A000' type='6' /></PropertyBag>
		<PropertyBag><Property tag='1000000' type='6'>//localhost/ni-rio/system</Property><Property tag='1001000' type='1'>0</Property><Property tag='1006000' type='6' /><Property tag='1007000' type='6' /><Property tag='1009000' type='1'>0</Property><Property tag='100D000' type='3'>0</Property><Property tag='101C000' type='2'>1</Property><Property tag='101D000' type='6'>system</Property><Property tag='101E000' type='6'>ni-rio</Property><Property tag='101F000' type='6' /><Property tag='1020000' type='1'>0</Property><Property tag='1022000' type='5'>{00000000-0000-0000-0000-000000000000}</Property><Property tag='1024000' type='2'>-1</Property><Property tag='1028000' type='1'>0</Property><Property tag='102A000' type='2'>-100</Property><Property tag='1037000' type='3'>1441797</Property><Property tag='1038000' type='1'>1</Property><Property tag='1039000' type='2'>1</Property><Property tag='103A000' type='3'>4</Property><Property tag='103C000' type='6' /><Property tag='103D000' type='6' /><Property tag='1054000' type='1'>0</Property><Property tag='5002000' type='2'>0</Property><Property tag='5003000' type='2'>1</Property></PropertyBag>
		<PropertyBag><Property tag='1000000' type='6'>//localhost/ni-visa/ASRL4::INSTR</Property><Property tag='1001000' type='1'>0</Property><Property tag='1002000' type='3'>5</Property><Property tag='1004000' type='6' /><Property tag='1006000' type='6' /><Property tag='1007000' type='6' /><Property tag='1008000' type='1'>0</Property><Property tag='1009000' type='1'>0</Property><Property tag='100D000' type='3'>0</Property><Property tag='101C000' type='2'>1</Property><Property tag='101D000' type='6'>ASRL4::INSTR</Property><Property tag='101E000' type='6'>ni-visa</Property><Property tag='101F000' type='6'>COM4</Property><Property tag='1020000' type='1'>0</Property><Property tag='1022000' type='5'>{7DDA8981-3636-11EE-8010-F6456C78F898}</Property><Property tag='1024000' type='2'>0</Property><Property tag='1028000' type='1'>0</Property><Property tag='102A000' type='2'>1</Property><Property tag='1037000' type='3'>1376261</Property><Property tag='1038000' type='1'>0</Property><Property tag='1049000' type='6' /><Property tag='1054000' type='1'>1</Property><Property tag='10A1000' type='3'>0</Property></PropertyBag>
		<PropertyBag><Property tag='1000000' type='6'>//localhost/ni-visa/ASRL3::INSTR</Property><Property tag='1001000' type='1'>1</Property><Property tag='1002000' type='3'>5</Property><Property tag='1004000' type='6' /><Property tag='1006000' type='6' /><Property tag='1007000' type='6' /><Property tag='1008000' type='1'>0</Property><Property tag='1009000' type='1'>0</Property><Property tag='100D000' type='3'>0</Property><Property tag='101C000' type='2'>1</Property><Property tag='101D000' type='6'>ASRL3::INSTR</Property><Property tag='101E000' type='6'>ni-visa</Property><Property tag='101F000' type='6'>COM3</Property><Property tag='1020000' type='1'>0</Property><Property tag='1022000' type='5'>{9B4906C1-0BA5-11EE-80D1-C5CA5C03DBC1}</Property><Property tag='1024000' type='2'>1</Property><Property tag='1028000' type='1'>0</Property><Property tag='102A000' type='2'>1</Property><Property tag='1037000' type='3'>1376261</Property><Property tag='1038000' type='1'>0</Property><Property tag='1049000' type='6'>COM3</Property><Property tag='1054000' type='1'>1</Property><Property tag='1072000' type='1'>0</Property><Property tag='10A1000' type='3'>0</Property><Property tag='4001000' type='6'>Intel(R) Active Management Technology - SOL</Property><Property tag='4002000' type='3'>9600</Property><Property tag='4003000' type='3'>8</Property><Property tag='4004000' type='3'>0</Property><Property tag='4005000' type='3'>10</Property><Property tag='4006000' type='3'>0</Property><Property tag='400A000' type='1'>0</Property></PropertyBag>
		<PropertyBag><Property tag='1000000' type='6'>//localhost/nisyscfg/Wi-Fi</Property><Property tag='1001000' type='1'>0</Property><Property tag='1009000' type='1'>0</Property><Property tag='100D000' type='3'>0</Property><Property tag='101C000' type='2'>1</Property><Property tag='101D000' type='6'>Wi-Fi</Property><Property tag='101E000' type='6'>nisyscfg</Property><Property tag='101F000' type='6'>Intel(R) Wi-Fi 6E AX211 160MHz</Property><Property tag='1020000' type='1'>0</Property><Property tag='1022000' type='5'>{4ACAE504-AE62-41A9-9FE0-77D4FDF64193}</Property><Property tag='1028000' type='1'>0</Property><Property tag='102A000' type='2'>1000</Property><Property tag='1037000' type='3'>1441797</Property><Property tag='1038000' type='1'>1</Property><Property tag='1039000' type='2'>1</Property><Property tag='103A000' type='3'>5</Property><Property tag='1054000' type='1'>0</Property><Property tag='D102000' type='3'>32</Property><Property tag='D103000' type='3'>32</Property><Property tag='D104000' type='6'>A0:59:50:D5:C0:91</Property><Property tag='D105000' type='3'>2</Property><Property tag='D107000' type='6'>0.0.0.0</Property><Property tag='D108000' type='3'>1</Property><Property tag='D109000' type='6'>0.0.0.0</Property><Property tag='D126000' type='1'>0</Property><Property tag='D12C000' type='3'>2</Property></PropertyBag>
		<PropertyBag><Property tag='1000000' type='6'>//localhost/nisyscfg/Ethernet</Property><Property tag='1001000' type='1'>0</Property><Property tag='1009000' type='1'>0</Property><Property tag='100D000' type='3'>0</Property><Property tag='101C000' type='2'>1</Property><Property tag='101D000' type='6'>Ethernet</Property><Property tag='101E000' type='6'>nisyscfg</Property><Property tag='101F000' type='6'>Intel(R) Ethernet Connection (17) I219-LM</Property><Property tag='1020000' type='1'>0</Property><Property tag='1022000' type='5'>{E3AFAB5D-E82C-4735-B1AF-788722A269F1}</Property><Property tag='1028000' type='1'>0</Property><Property tag='102A000' type='2'>1000</Property><Property tag='1037000' type='3'>1441797</Property><Property tag='1038000' type='1'>1</Property><Property tag='1039000' type='2'>1</Property><Property tag='103A000' type='3'>5</Property><Property tag='1054000' type='1'>0</Property><Property tag='D102000' type='3'>2</Property><Property tag='D103000' type='3'>2</Property><Property tag='D104000' type='6'>CC:96:E5:4D:6D:91</Property><Property tag='D105000' type='3'>2</Property><Property tag='D107000' type='6'>0.0.0.0</Property><Property tag='D108000' type='3'>1</Property><Property tag='D109000' type='6'>0.0.0.0</Property><Property tag='D126000' type='1'>0</Property><Property tag='D12C000' type='3'>1</Property></PropertyBag>
		<PropertyBag><Property tag='1000000' type='6'>//localhost/nisyscfg/Bluetooth Network Connection</Property><Property tag='1001000' type='1'>0</Property><Property tag='1009000' type='1'>0</Property><Property tag='100D000' type='3'>0</Property><Property tag='101C000' type='2'>1</Property><Property tag='101D000' type='6'>Bluetooth Network Connection</Property><Property tag='101E000' type='6'>nisyscfg</Property><Property tag='101F000' type='6'>Bluetooth Device (Personal Area Network)</Property><Property tag='1020000' type='1'>0</Property><Property tag='1022000' type='5'>{8A78410E-E12A-4041-8C0F-D0891A43332E}</Property><Property tag='1028000' type='1'>0</Property><Property tag='102A000' type='2'>1000</Property><Property tag='1037000' type='3'>1441797</Property><Property tag='1038000' type='1'>1</Property><Property tag='1039000' type='2'>1</Property><Property tag='103A000' type='3'>5</Property><Property tag='1054000' type='1'>0</Property><Property tag='D102000' type='3'>2</Property><Property tag='D103000' type='3'>2</Property><Property tag='D104000' type='6'>A0:59:50:D5:C0:95</Property><Property tag='D105000' type='3'>2</Property><Property tag='D107000' type='6'>0.0.0.0</Property><Property tag='D108000' type='3'>1</Property><Property tag='D109000' type='6'>0.0.0.0</Property><Property tag='D126000' type='1'>0</Property><Property tag='D12C000' type='3'>1</Property></PropertyBag>
		<PropertyBag><Property tag='1000000' type='6'>//localhost/nisyscfg/Ethernet 3</Property><Property tag='1001000' type='1'>0</Property><Property tag='1009000' type='1'>0</Property><Property tag='100D000' type='3'>0</Property><Property tag='101C000' type='2'>1</Property><Property tag='101D000' type='6'>Ethernet 3</Property><Property tag='101E000' type='6'>nisyscfg</Property><Property tag='101F000' type='6'>Realtek USB GbE Family Controller</Property><Property tag='1020000' type='1'>0</Property><Property tag='1022000' type='5'>{BF00129E-C969-434A-A0E7-7EF2B699527A}</Property><Property tag='1028000' type='1'>0</Property><Property tag='102A000' type='2'>1000</Property><Property tag='1037000' type='3'>1441797</Property><Property tag='1038000' type='1'>1</Property><Property tag='1039000' type='2'>1</Property><Property tag='103A000' type='3'>5</Property><Property tag='1054000' type='1'>0</Property><Property tag='D102000' type='3'>2</Property><Property tag='D103000' type='3'>2</Property><Property tag='D104000' type='6'>90:8D:6E:19:14:54</Property><Property tag='D105000' type='3'>2</Property><Property tag='D107000' type='6'>10.2.61.83</Property><Property tag='D108000' type='3'>1</Property><Property tag='D109000' type='6'>255.255.254.0</Property><Property tag='D10A000' type='6'>10.2.61.254</Property><Property tag='D10B000' type='6'>10.10.20.11</Property><Property tag='D126000' type='1'>0</Property><Property tag='D12C000' type='3'>1</Property></PropertyBag>
		<PropertyBag><Property tag='1000000' type='6'>//localhost/nisyscfg/vEthernet (Default Switch)</Property><Property tag='1001000' type='1'>0</Property><Property tag='1009000' type='1'>0</Property><Property tag='100D000' type='3'>0</Property><Property tag='101C000' type='2'>1</Property><Property tag='101D000' type='6'>vEthernet (Default Switch)</Property><Property tag='101E000' type='6'>nisyscfg</Property><Property tag='101F000' type='6'>Hyper-V Virtual Ethernet Adapter</Property><Property tag='1020000' type='1'>0</Property><Property tag='1022000' type='5'>{870ACFEC-7915-4707-9EC0-8195C27BB22D}</Property><Property tag='1028000' type='1'>0</Property><Property tag='102A000' type='2'>1000</Property><Property tag='1037000' type='3'>1441797</Property><Property tag='1038000' type='1'>1</Property><Property tag='1039000' type='2'>1</Property><Property tag='103A000' type='3'>5</Property><Property tag='1054000' type='1'>0</Property><Property tag='D102000' type='3'>2</Property><Property tag='D103000' type='3'>2</Property><Property tag='D104000' type='6'>00:15:5D:85:C5:1E</Property><Property tag='D105000' type='3'>1</Property><Property tag='D107000' type='6'>172.20.160.1</Property><Property tag='D108000' type='3'>1</Property><Property tag='D109000' type='6'>255.255.240.0</Property><Property tag='D126000' type='1'>0</Property><Property tag='D12C000' type='3'>1</Property></PropertyBag>
		<PropertyBag><Property tag='1000000' type='6'>//localhost/nisyscfg/Ethernet 6</Property><Property tag='1001000' type='1'>0</Property><Property tag='1009000' type='1'>0</Property><Property tag='100D000' type='3'>0</Property><Property tag='101C000' type='2'>1</Property><Property tag='101D000' type='6'>Ethernet 6</Property><Property tag='101E000' type='6'>nisyscfg</Property><Property tag='101F000' type='6'>VirtualBox Host-Only Ethernet Adapter</Property><Property tag='1020000' type='1'>0</Property><Property tag='1022000' type='5'>{B56B704F-A073-4C2C-B8B4-C838A7C324C5}</Property><Property tag='1028000' type='1'>0</Property><Property tag='102A000' type='2'>1000</Property><Property tag='1037000' type='3'>1441797</Property><Property tag='1038000' type='1'>1</Property><Property tag='1039000' type='2'>1</Property><Property tag='103A000' type='3'>5</Property><Property tag='1054000' type='1'>0</Property><Property tag='D102000' type='3'>2</Property><Property tag='D103000' type='3'>2</Property><Property tag='D104000' type='6'>0A:00:27:00:00:12</Property><Property tag='D105000' type='3'>1</Property><Property tag='D107000' type='6'>192.168.56.1</Property><Property tag='D108000' type='3'>1</Property><Property tag='D109000' type='6'>255.255.255.0</Property><Property tag='D126000' type='1'>0</Property><Property tag='D12C000' type='3'>1</Property></PropertyBag>
		<PropertyBag><Property tag='1000000' type='6'>//localhost/nisyscfg/system</Property><Property tag='1001000' type='1'>0</Property><Property tag='1002000' type='3'>0</Property><Property tag='1004000' type='6'>Dell Inc.</Property><Property tag='1005000' type='3'>0</Property><Property tag='1006000' type='6'>Precision 7670</Property><Property tag='1007000' type='6'>1SZKSQ3</Property><Property tag='1008000' type='1'>0</Property><Property tag='1009000' type='1'>0</Property><Property tag='100D000' type='3'>0</Property><Property tag='101C000' type='2'>1</Property><Property tag='101D000' type='6'>system</Property><Property tag='101E000' type='6'>nisyscfg</Property><Property tag='101F000' type='6'>W-LT-D69999-P</Property><Property tag='1020000' type='1'>0</Property><Property tag='1022000' type='5'>{4C4C4544-0053-5A10-804B-B1C04F535133}</Property><Property tag='1024000' type='2'>1</Property><Property tag='1028000' type='1'>0</Property><Property tag='102A000' type='2'>1000</Property><Property tag='102F000' type='6'>1.9.1</Property><Property tag='1037000' type='3'>1441797</Property><Property tag='1038000' type='1'>1</Property><Property tag='1039000' type='2'>1</Property><Property tag='103A000' type='3'>4</Property><Property tag='103C000' type='6'>Desktop</Property><Property tag='103D000' type='6'>Dell Inc. Precision 7670 Asset Tag: D000069999 Serial Number: 1SZKSQ3. Imaged on 6/14/2023 with WIN10ENT_22H2DEP</Property><Property tag='1040000' type='3'>0</Property><Property tag='104E000' type='6'>Windows x64</Property><Property tag='104F000' type='6'>10.0.19045</Property><Property tag='1050000' type='6'>Microsoft Windows 10 Enterprise</Property><Property tag='1051000' type='7'>0 80000000 E142F2A0 0</Property><Property tag='1052000' type='1'>0</Property><Property tag='1054000' type='1'>0</Property><Property tag='1058000' type='2'>24</Property><Property tag='1075000' type='6' /><Property tag='1083000' type='6'>12th Gen Intel(R) Core(TM) i7-12850HX</Property><Property tag='1084000' type='2'>2</Property><Property tag='10B2000' type='2'>16</Property><Property tag='D114000' type='6'>W-LT-D69999-P.draper.com</Property><Property tag='D122000' type='4'>999459116.000000</Property><Property tag='D129000' type='1'>1</Property><Property tag='D150000' type='4'>33231604.000000</Property><Property tag='D153000' type='4'>38212340.000000</Property><Property tag='D156000' type='3'>0</Property></PropertyBag>
	</ItemsByExpert>
</SysapiExportedData>
